,1/CM,TRANSMITTANCE
0,450.219,1.024
1,451.15826119999997,1.024
2,452.0975224,1.024
3,453.0367836,1.024
4,453.9760448,1.024
5,454.915306,1.024
6,455.85456719999996,1.024
7,456.7938284,1.024
8,457.73308959999997,1.024
9,458.6723508,1.026
10,459.611612,1.026
11,460.55087319999996,1.026
12,461.4901344,1.026
13,462.42939559999996,1.026
14,463.3686568,1.026
15,464.307918,1.026
16,465.2471792,1.027
17,466.1864404,1.027
18,467.1257016,1.028
19,468.0649628,1.028
20,469.004224,1.031
21,469.9434852,1.031
22,470.88274640000003,1.033
23,471.8220076,1.034
24,472.76126880000004,1.034
25,473.70053,1.036
26,474.6397912,1.037
27,475.5790524,1.037
28,476.5183136,1.037
29,477.45757480000003,1.039
30,478.396836,1.041
31,479.3360972,1.047
32,480.2753584,1.047
33,481.2146196,1.047
34,482.1538808,1.049
35,483.093142,1.05
36,484.0324032,1.05
37,484.9716644,1.05
38,485.9109256,1.052
39,486.8501868,1.054
40,487.789448,1.054
41,488.7287094,1.057
42,489.6679708,1.059
43,490.6072322,1.059
44,491.54649359999996,1.06
45,492.485755,1.06
46,493.42501619999996,1.062
47,494.3642774,1.062
48,495.30353859999997,1.062
49,496.2427998,1.062
50,497.182061,1.062
51,498.1213222,1.063
52,499.0605834,1.062
53,499.9998446,1.063
54,500.9391058,1.063
55,501.878367,1.063
56,502.8176282,1.063
57,503.75688940000003,1.063
58,504.6961506,1.065
59,505.63541180000004,1.065
60,506.574673,1.065
61,507.5139342,1.065
62,508.4531954,1.063
63,509.3924566,1.063
64,510.33171780000004,1.062
65,511.270979,1.062
66,512.2102402,1.062
67,513.1495014,1.063
68,514.0887626,1.062
69,515.0280237999999,1.062
70,515.967285,1.063
71,516.9065462,1.063
72,517.8458074,1.066
73,518.7850685999999,1.066
74,519.7243298,1.066
75,520.663591,1.066
76,521.6028522,1.066
77,522.5421134000001,1.066
78,523.4813746,1.066
79,524.4206358,1.065
80,525.359897,1.065
81,526.2991582000001,1.063
82,527.2384194,1.062
83,528.1776806,1.062
84,529.1169418,1.06
85,530.056203,1.06
86,530.9954642,1.059
87,531.9347254,1.059
88,532.8739866,1.057
89,533.8132478,1.057
90,534.752509,1.056
91,535.6917702000001,1.054
92,536.6310314,1.053
93,537.5702926,1.053
94,538.5095537999999,1.052
95,539.448815,1.05
96,540.3880762,1.05
97,541.3273374,1.049
98,542.2665986,1.047
99,543.2058598,1.047
100,544.145121,1.046
101,545.0843822,1.046
102,546.0236434,1.046
103,546.9629046,1.046
104,547.9021657999999,1.044
105,548.841427,1.044
106,549.7806882,1.044
107,550.7199494,1.044
108,551.6592105999999,1.044
109,552.5984718,1.044
110,553.537733,1.044
111,554.4769942,1.044
112,555.4162554000001,1.046
113,556.3555166,1.046
114,557.2947778,1.046
115,558.234039,1.046
116,559.1733002000001,1.047
117,560.1125614,1.047
118,561.0518226,1.049
119,561.9910838,1.049
120,562.930345,1.05
121,563.8696064,1.05
122,564.8088678,1.052
123,565.7481292,1.052
124,566.6873906000001,1.054
125,567.626652,1.054
126,568.5659132000001,1.056
127,569.5051744,1.056
128,570.4444356,1.057
129,571.3836967999999,1.057
130,572.322958,1.059
131,573.2622192,1.06
132,574.2014804,1.06
133,575.1407416,1.062
134,576.0800028,1.063
135,577.019264,1.065
136,577.9585252,1.065
137,578.8977864,1.065
138,579.8370476,1.066
139,580.7763087999999,1.066
140,581.71557,1.068
141,582.6548312,1.069
142,583.5940924,1.069
143,584.5333535999999,1.069
144,585.4726148,1.069
145,586.411876,1.069
146,587.3511372,1.069
147,588.2903984000001,1.069
148,589.2296596,1.07
149,590.1689208,1.07
150,591.108182,1.07
151,592.0474432000001,1.07
152,592.9867044,1.07
153,593.9259656,1.072
154,594.8652268,1.072
155,595.804488,1.072
156,596.7437492,1.072
157,597.6830104000001,1.072
158,598.6222716,1.072
159,599.5615328,1.072
160,600.500794,1.072
161,601.4400552000001,1.072
162,602.3793164,1.072
163,603.3185776,1.072
164,604.2578388,1.072
165,605.1971,1.07
166,606.1363612,1.07
167,607.0756224,1.07
168,608.0148836,1.069
169,608.9541448,1.069
170,609.893406,1.069
171,610.8326672000001,1.068
172,611.7719284,1.068
173,612.7111896,1.068
174,613.6504507999999,1.066
175,614.589712,1.066
176,615.5289732,1.066
177,616.4682344,1.066
178,617.4074956,1.066
179,618.3467568,1.066
180,619.286018,1.065
181,620.2252792,1.065
182,621.1645404,1.065
183,622.1038016,1.065
184,623.0430627999999,1.065
185,623.982324,1.065
186,624.9215852,1.065
187,625.8608464,1.066
188,626.8001075999999,1.066
189,627.7393688,1.066
190,628.67863,1.068
191,629.6178912,1.068
192,630.5571524000001,1.068
193,631.4964136,1.07
194,632.4356748,1.07
195,633.374936,1.072
196,634.3141972000001,1.072
197,635.2534584,1.072
198,636.1927196,1.072
199,637.1319808,1.073
200,638.071242,1.075
201,639.0105032,1.076
202,639.9497644,1.078
203,640.8890256,1.079
204,641.8282868,1.081
205,642.767548,1.081
206,643.7068094,1.083
207,644.6460708,1.085
208,645.5853322,1.085
209,646.5245936,1.085
210,647.463855,1.083
211,648.4031162,1.083
212,649.3423774,1.082
213,650.2816386,1.082
214,651.2208998,1.082
215,652.160161,1.082
216,653.0994222,1.082
217,654.0386834,1.081
218,654.9779446,1.081
219,655.9172057999999,1.081
220,656.856467,1.081
221,657.7957282,1.081
222,658.7349894,1.081
223,659.6742505999999,1.081
224,660.6135118,1.079
225,661.552773,1.079
226,662.4920342,1.081
227,663.4312954000001,1.081
228,664.3705566,1.081
229,665.3098178,1.079
230,666.249079,1.081
231,667.1883402000001,1.083
232,668.1276014,1.102
233,669.0668626,1.092
234,670.0061238,1.089
235,670.945385,1.088
236,671.8846462,1.086
237,672.8239074,1.085
238,673.7631686,1.085
239,674.7024298,1.085
240,675.641691,1.083
241,676.5809522000001,1.082
242,677.5202134,1.081
243,678.4594746,1.079
244,679.3987357999999,1.078
245,680.337997,1.075
246,681.2772582,1.073
247,682.2165194,1.073
248,683.1557806,1.072
249,684.0950418,1.07
250,685.034303,1.069
251,685.9735642,1.069
252,686.9128254,1.068
253,687.8520866,1.066
254,688.7913477999999,1.065
255,689.730609,1.062
256,690.6698702,1.06
257,691.6091314,1.06
258,692.5483925999999,1.059
259,693.4876538,1.057
260,694.426915,1.057
261,695.3661762,1.056
262,696.3054374,1.054
263,697.2446986,1.054
264,698.1839597999999,1.053
265,699.123221,1.053
266,700.0624822,1.052
267,701.0017434,1.05
268,701.9410045999999,1.049
269,702.8802658,1.049
270,703.819527,1.047
271,704.7587882,1.046
272,705.6980494000001,1.044
273,706.6373106,1.044
274,707.5765718,1.043
275,708.515833,1.041
276,709.4550942000001,1.04
277,710.3943554,1.04
278,711.3336166,1.039
279,712.2728778,1.037
280,713.212139,1.036
281,714.1514002,1.034
282,715.0906614,1.034
283,716.0299226,1.033
284,716.9691838,1.031
285,717.908445,1.031
286,718.8477064,1.03
287,719.7869678,1.03
288,720.7262292,1.028
289,721.6654906,1.027
290,722.604752,1.027
291,723.5440132,1.026
292,724.4832744,1.026
293,725.4225356,1.026
294,726.3617968,1.024
295,727.301058,1.024
296,728.2403192,1.024
297,729.1795804,1.023
298,730.1188416,1.021
299,731.0581027999999,1.021
300,731.997364,1.021
301,732.9366252,1.021
302,733.8758864,1.02
303,734.8151475999999,1.018
304,735.7544088,1.017
305,736.69367,1.015
306,737.6329312,1.014
307,738.5721924000001,1.013
308,739.5114536,1.011
309,740.4507148,1.01
310,741.389976,1.01
311,742.3292372000001,1.01
312,743.2684984,1.008
313,744.2077596,1.007
314,745.1470208,1.005
315,746.086282,1.004
316,747.0255432,1.002
317,747.9648044,1.001
318,748.9040656,1.002
319,749.8433268,1.001
320,750.782588,1.0
321,751.7218492000001,1.0
322,752.6611104,0.998
323,753.6003716,0.998
324,754.5396327999999,0.994
325,755.478894,0.991
326,756.4181552,0.988
327,757.3574164,0.986
328,758.2966776,0.985
329,759.2359388,0.981
330,760.1752,0.978
331,761.1144612,0.976
332,762.0537224,0.973
333,762.9929836,0.972
334,763.9322447999999,0.971
335,764.871506,0.968
336,765.8107672,0.965
337,766.7500284,0.96
338,767.6892895999999,0.958
339,768.6285508,0.955
340,769.567812,0.95
341,770.5070732,0.946
342,771.4463344000001,0.942
343,772.3855956,0.937
344,773.3248568,0.933
345,774.264118,0.931
346,775.2033792000001,0.924
347,776.1426404,0.923
348,777.0819016,0.918
349,778.0211628,0.914
350,778.960424,0.913
351,779.8996852,0.911
352,780.8389464,0.903
353,781.7782076,0.895
354,782.7174688,0.891
355,783.65673,0.89
356,784.5959912000001,0.888
357,785.5352524,0.887
358,786.4745136,0.881
359,787.4137747999999,0.875
360,788.353036,0.874
361,789.2922972,0.872
362,790.2315584,0.871
363,791.1708196,0.861
364,792.1100808,0.858
365,793.049342,0.845
366,793.9886032000001,0.839
367,794.9278644,0.839
368,795.8671256,0.849
369,796.8063867999999,0.849
370,797.745648,0.827
371,798.6849093999999,0.813
372,799.6241708,0.798
373,800.5634322,0.784
374,801.5026936,0.784
375,802.441955,0.788
376,803.3812162,0.8298
377,804.3204774000001,0.832
378,805.2597386,0.833
379,806.1989998,0.829
380,807.138261,0.726
381,808.0775222000001,0.726
382,809.0167834,0.8299
383,809.9560446,0.7521
384,810.8953058,0.749
385,811.834567,0.7101
386,812.7738282,0.71
387,813.7130894000001,0.8285
388,814.6523506,0.829
389,815.5916118,0.7076
390,816.530873,0.664
391,817.4701342000001,0.664
392,818.4093954,0.7778
393,819.3486566,0.8399
394,820.2879178,0.826
395,821.227179,0.7512
396,822.1664402,0.6833
397,823.1057014,0.6173
398,824.0449626,0.616
399,824.9842238,0.617
400,825.923485,0.645
401,826.8627462000001,0.8158
402,827.8020074,0.807
403,828.7412686,0.8
404,829.6805297999999,0.7013
405,830.619791,0.6462
406,831.5590522,0.654
407,832.4983134,0.7058
408,833.4375746,0.7736
409,834.3768358,0.8157
410,835.316097,0.668
411,836.2553582,0.667
412,837.1946194,0.667
413,838.1338806,0.678
414,839.0731417999999,0.7977
415,840.012403,0.8
416,840.9516642,0.801
417,841.8909254,0.801
418,842.8301865999999,0.7363
419,843.7694478,0.733
420,844.708709,0.736
421,845.6479702,0.781
422,846.5872314000001,0.781
423,847.5264926,0.775
424,848.4657538,0.767
425,849.405015,0.767
426,850.3442762000001,0.777
427,851.2835374,0.785
428,852.2227986,0.7949
429,853.1620598,0.798
430,854.101321,0.803
431,855.0405822,0.806
432,855.9798434,0.808
433,856.9191046,0.81
434,857.8583658,0.816
435,858.797627,0.826
436,859.7368882000001,0.827
437,860.6761494,0.83
438,861.6154106,0.833
439,862.5546717999999,0.837
440,863.493933,0.842
441,864.4331942,0.852
442,865.3724554,0.853
443,866.3117166,0.856
444,867.2509778,0.859
445,868.190239,0.862
446,869.1295002,0.872
447,870.0687614,0.878
448,871.0080226,0.882
449,871.9472837999999,0.888
450,872.886545,0.894
451,873.8258063999999,0.897
452,874.7650678,0.904
453,875.7043292,0.907
454,876.6435906,0.908
455,877.582852,0.911
456,878.5221132,0.914
457,879.4613744000001,0.92
458,880.4006356,0.923
459,881.3398968,0.927
460,882.279158,0.931
461,883.2184192000001,0.934
462,884.1576804,0.936
463,885.0969416,0.942
464,886.0362028,0.946
465,886.975464,0.949
466,887.9147252,0.952
467,888.8539864,0.955
468,889.7932476,0.956
469,890.7325088,0.958
470,891.67177,0.96
471,892.6110312000001,0.963
472,893.5502924,0.965
473,894.4895536,0.966
474,895.4288147999999,0.969
475,896.368076,0.972
476,897.3073372,0.973
477,898.2465984,0.976
478,899.1858596,0.976
479,900.1251208,0.978
480,901.064382,0.979
481,902.0036432,0.984
482,902.9429044,0.985
483,903.8821656,0.985
484,904.8214267999999,0.986
485,905.760688,0.988
486,906.6999492,0.988
487,907.6392104,0.989
488,908.5784716,0.991
489,909.5177328,0.991
490,910.456994,0.991
491,911.3962552,0.992
492,912.3355164,0.992
493,913.2747776,0.994
494,914.2140387999999,0.997
495,915.1533,0.998
496,916.0925612,0.997
497,917.0318224,0.998
498,917.9710835999999,0.998
499,918.9103448,1.0
500,919.849606,1.0
501,920.7888672,1.001
502,921.7281284000001,1.001
503,922.6673896,1.002
504,923.6066508,1.002
505,924.545912,1.002
506,925.4851732000001,1.002
507,926.4244344,1.004
508,927.3636956,1.004
509,928.3029568,1.004
510,929.242218,1.004
511,930.1814792,1.004
512,931.1207404,1.004
513,932.0600016,1.005
514,932.9992628,1.005
515,933.938524,1.005
516,934.8777852000001,1.005
517,935.8170464,1.005
518,936.7563076,1.005
519,937.6955687999999,1.007
520,938.63483,1.007
521,939.5740912,1.007
522,940.5133524,1.007
523,941.4526136,1.007
524,942.3918748,1.007
525,943.331136,1.008
526,944.2703972,1.008
527,945.2096584,1.008
528,946.1489196,1.008
529,947.0881807999999,1.008
530,948.027442,1.008
531,948.9667032,1.008
532,949.9059644,1.008
533,950.8452255999999,1.008
534,951.7844868,1.008
535,952.723748,1.008
536,953.6630094,1.008
537,954.6022708,1.008
538,955.5415322,1.008
539,956.4807936000001,1.008
540,957.420055,1.008
541,958.3593162000001,1.008
542,959.2985774,1.007
543,960.2378386,1.007
544,961.1770998,1.007
545,962.116361,1.007
546,963.0556222,1.007
547,963.9948834,1.007
548,964.9341446,1.007
549,965.8734058,1.007
550,966.812667,1.007
551,967.7519282000001,1.007
552,968.6911894,1.007
553,969.6304506,1.007
554,970.5697117999999,1.007
555,971.508973,1.007
556,972.4482342,1.007
557,973.3874954,1.007
558,974.3267566,1.007
559,975.2660178,1.007
560,976.205279,1.007
561,977.1445402,1.007
562,978.0838014,1.007
563,979.0230626,1.007
564,979.9623237999999,1.005
565,980.901585,1.005
566,981.8408462,1.004
567,982.7801074,1.004
568,983.7193685999999,1.004
569,984.6586298,1.004
570,985.597891,1.004
571,986.5371522,1.004
572,987.4764134000001,1.004
573,988.4156746,1.004
574,989.3549358,1.004
575,990.294197,1.004
576,991.2334582000001,1.004
577,992.1727194,1.004
578,993.1119806,1.004
579,994.0512418,1.004
580,994.990503,1.004
581,995.9297642,1.004
582,996.8690254,1.004
583,997.8082866,1.002
584,998.7475478,1.002
585,999.686809,1.002
586,1000.6260702000001,1.002
587,1001.5653314,1.001
588,1002.5045926,1.001
589,1003.4438537999999,1.001
590,1004.383115,1.001
591,1005.3223762,1.001
592,1006.2616374,1.001
593,1007.2008986,1.001
594,1008.1401598,1.001
595,1009.079421,1.002
596,1010.0186822000001,1.002
597,1010.9579434,1.002
598,1011.8972046,1.002
599,1012.8364657999999,1.002
600,1013.775727,1.002
601,1014.7149882,1.002
602,1015.6542494,1.004
603,1016.5935106,1.004
604,1017.5327718,1.005
605,1018.472033,1.005
606,1019.4112942,1.007
607,1020.3505554,1.007
608,1021.2898166,1.008
609,1022.2290777999999,1.008
610,1023.168339,1.008
611,1024.1076002,1.01
612,1025.0468614000001,1.008
613,1025.9861226,1.008
614,1026.9253838,1.008
615,1027.864645,1.008
616,1028.8039064000002,1.008
617,1029.7431678,1.008
618,1030.6824292000001,1.008
619,1031.6216906,1.008
620,1032.560952,1.008
621,1033.5002132,1.008
622,1034.4394744,1.008
623,1035.3787356,1.008
624,1036.3179968000002,1.008
625,1037.257258,1.008
626,1038.1965192,1.007
627,1039.1357804,1.007
628,1040.0750416,1.007
629,1041.0143028,1.007
630,1041.953564,1.007
631,1042.8928251999998,1.007
632,1043.8320864,1.007
633,1044.7713476,1.007
634,1045.7106088,1.007
635,1046.64987,1.005
636,1047.5891311999999,1.005
637,1048.5283924,1.005
638,1049.4676536,1.005
639,1050.4069148,1.005
640,1051.346176,1.005
641,1052.2854372,1.005
642,1053.2246984,1.005
643,1054.1639596,1.005
644,1055.1032208000001,1.005
645,1056.042482,1.004
646,1056.9817432,1.004
647,1057.9210044000001,1.004
648,1058.8602656,1.004
649,1059.7995268000002,1.004
650,1060.738788,1.002
651,1061.6780492,1.002
652,1062.6173104,1.002
653,1063.5565716,1.002
654,1064.4958328,1.002
655,1065.435094,1.002
656,1066.3743551999999,1.001
657,1067.3136164,1.001
658,1068.2528776,1.001
659,1069.1921388,1.001
660,1070.1314,1.001
661,1071.0706612,1.001
662,1072.0099224,1.001
663,1072.9491836,1.001
664,1073.8884448000001,1.001
665,1074.827706,1.001
666,1075.7669672,1.001
667,1076.7062284,1.001
668,1077.6454896,1.002
669,1078.5847508000002,1.002
670,1079.524012,1.004
671,1080.4632732,1.004
672,1081.4025344,1.004
673,1082.3417956,1.005
674,1083.2810568,1.005
675,1084.220318,1.005
676,1085.1595791999998,1.007
677,1086.0988404,1.007
678,1087.0381016,1.008
679,1087.9773628,1.008
680,1088.916624,1.008
681,1089.8558851999999,1.008
682,1090.7951464,1.008
683,1091.7344076,1.008
684,1092.6736688,1.01
685,1093.61293,1.01
686,1094.5521912,1.01
687,1095.4914524,1.01
688,1096.4307136,1.01
689,1097.3699748000001,1.01
690,1098.309236,1.008
691,1099.2484972,1.008
692,1100.1877584000001,1.008
693,1101.1270196,1.008
694,1102.0662808000002,1.008
695,1103.005542,1.008
696,1103.9448032,1.008
697,1104.8840644,1.008
698,1105.8233256,1.008
699,1106.7625868,1.01
700,1107.701848,1.01
701,1108.6411094,1.011
702,1109.5803708,1.011
703,1110.5196322,1.013
704,1111.4588936,1.013
705,1112.398155,1.013
706,1113.3374162,1.013
707,1114.2766774,1.013
708,1115.2159386,1.013
709,1116.1551998,1.013
710,1117.094461,1.013
711,1118.0337221999998,1.013
712,1118.9729834,1.013
713,1119.9122446,1.013
714,1120.8515058,1.013
715,1121.790767,1.013
716,1122.7300281999999,1.013
717,1123.6692894,1.013
718,1124.6085506,1.013
719,1125.5478118,1.013
720,1126.487073,1.013
721,1127.4263342,1.013
722,1128.3655954,1.013
723,1129.3048566,1.013
724,1130.2441178000001,1.013
725,1131.183379,1.011
726,1132.1226402,1.011
727,1133.0619014000001,1.011
728,1134.0011626,1.01
729,1134.9404238000002,1.01
730,1135.879685,1.01
731,1136.8189462,1.008
732,1137.7582074,1.008
733,1138.6974686,1.008
734,1139.6367298,1.007
735,1140.575991,1.007
736,1141.5152521999998,1.007
737,1142.4545134,1.007
738,1143.3937746,1.008
739,1144.3330358,1.008
740,1145.272297,1.008
741,1146.2115582,1.008
742,1147.1508194,1.008
743,1148.0900806,1.008
744,1149.0293418,1.008
745,1149.968603,1.008
746,1150.9078642,1.008
747,1151.8471254,1.01
748,1152.7863866,1.01
749,1153.7256478000002,1.01
750,1154.664909,1.01
751,1155.6041702,1.01
752,1156.5434314,1.01
753,1157.4826926,1.01
754,1158.4219538,1.01
755,1159.361215,1.01
756,1160.3004761999998,1.01
757,1161.2397374,1.01
758,1162.1789985999999,1.011
759,1163.1182598,1.011
760,1164.057521,1.011
761,1164.9967821999999,1.011
762,1165.9360434,1.011
763,1166.8753046,1.011
764,1167.8145658,1.011
765,1168.753827,1.011
766,1169.6930882,1.011
767,1170.6323494,1.01
768,1171.5716106,1.01
769,1172.5108718000001,1.01
770,1173.450133,1.011
771,1174.3893942,1.011
772,1175.3286554000001,1.01
773,1176.2679166,1.008
774,1177.2071778000002,1.004
775,1178.146439,1.002
776,1179.0857002,1.001
777,1180.0249614,1.001
778,1180.9642226,1.002
779,1181.9034838,1.005
780,1182.842745,1.008
781,1183.7820064,1.01
782,1184.7212678,1.011
783,1185.6605292,1.013
784,1186.5997906,1.013
785,1187.539052,1.013
786,1188.4783132,1.013
787,1189.4175744,1.013
788,1190.3568356,1.013
789,1191.2960968,1.014
790,1192.235358,1.014
791,1193.1746191999998,1.014
792,1194.1138804,1.014
793,1195.0531416,1.013
794,1195.9924028,1.013
795,1196.931664,1.014
796,1197.8709251999999,1.014
797,1198.8101864,1.014
798,1199.7494476,1.014
799,1200.6887088,1.014
800,1201.62797,1.014
801,1202.5672312,1.015
802,1203.5064924,1.015
803,1204.4457536,1.015
804,1205.3850148000001,1.015
805,1206.324276,1.015
806,1207.2635372,1.015
807,1208.2027984000001,1.017
808,1209.1420596,1.017
809,1210.0813208000002,1.017
810,1211.020582,1.017
811,1211.9598432,1.017
812,1212.8991044,1.018
813,1213.8383656,1.018
814,1214.7776268,1.018
815,1215.716888,1.018
816,1216.6561491999998,1.02
817,1217.5954104,1.02
818,1218.5346716,1.02
819,1219.4739328,1.02
820,1220.413194,1.02
821,1221.3524552,1.02
822,1222.2917164,1.02
823,1223.2309776,1.021
824,1224.1702388,1.021
825,1225.1095,1.023
826,1226.0487612,1.023
827,1226.9880224,1.024
828,1227.9272836,1.024
829,1228.8665448000002,1.024
830,1229.805806,1.024
831,1230.7450672,1.024
832,1231.6843284,1.024
833,1232.6235896,1.024
834,1233.5628508,1.024
835,1234.502112,1.023
836,1235.4413731999998,1.021
837,1236.3806344,1.02
838,1237.3198955999999,1.018
839,1238.2591568,1.017
840,1239.198418,1.017
841,1240.1376791999999,1.015
842,1241.0769404,1.015
843,1242.0162016,1.015
844,1242.9554628,1.014
845,1243.894724,1.014
846,1244.8339852,1.014
847,1245.7732464,1.014
848,1246.7125076,1.014
849,1247.6517688000001,1.014
850,1248.59103,1.014
851,1249.5302912,1.014
852,1250.4695524,1.014
853,1251.4088136,1.014
854,1252.3480748000002,1.014
855,1253.287336,1.014
856,1254.2265972,1.014
857,1255.1658584,1.014
858,1256.1051196,1.013
859,1257.0443808,1.013
860,1257.983642,1.013
861,1258.9229031999998,1.011
862,1259.8621644,1.011
863,1260.8014256,1.011
864,1261.7406868,1.011
865,1262.679948,1.011
866,1263.6192094,1.011
867,1264.5584708,1.011
868,1265.4977322,1.011
869,1266.4369935999998,1.011
870,1267.376255,1.013
871,1268.3155161999998,1.011
872,1269.2547774,1.011
873,1270.1940385999999,1.011
874,1271.1332998,1.011
875,1272.072561,1.011
876,1273.0118221999999,1.011
877,1273.9510834,1.011
878,1274.8903446,1.011
879,1275.8296058,1.011
880,1276.768867,1.011
881,1277.7081282,1.011
882,1278.6473894,1.01
883,1279.5866506,1.01
884,1280.5259118000001,1.008
885,1281.465173,1.007
886,1282.4044342,1.007
887,1283.3436954000001,1.005
888,1284.2829566,1.004
889,1285.2222178000002,1.004
890,1286.161479,1.002
891,1287.1007402,1.004
892,1288.0400014,1.004
893,1288.9792626,1.004
894,1289.9185238,1.002
895,1290.857785,1.002
896,1291.7970461999998,1.002
897,1292.7363074,1.001
898,1293.6755686,1.001
899,1294.6148298,1.001
900,1295.554091,1.001
901,1296.4933522,1.001
902,1297.4326134,1.001
903,1298.3718746,1.001
904,1299.3111358,1.001
905,1300.250397,1.001
906,1301.1896582,1.0
907,1302.1289194,1.001
908,1303.0681806,1.001
909,1304.0074418000002,1.0
910,1304.946703,1.0
911,1305.8859642,1.0
912,1306.8252254,1.0
913,1307.7644866,1.0
914,1308.7037478,1.0
915,1309.643009,1.0
916,1310.5822701999998,0.998
917,1311.5215314,1.001
918,1312.4607925999999,1.001
919,1313.4000538,1.001
920,1314.339315,1.001
921,1315.2785761999999,1.0
922,1316.2178374,1.0
923,1317.1570986,1.0
924,1318.0963598,1.0
925,1319.035621,1.001
926,1319.9748822,1.001
927,1320.9141434,1.001
928,1321.8534046,1.001
929,1322.7926658000001,1.001
930,1323.731927,1.001
931,1324.6711882,1.0
932,1325.6104494,1.0
933,1326.5497106,1.0
934,1327.4889718000002,0.998
935,1328.428233,0.998
936,1329.3674942,0.998
937,1330.3067554,0.998
938,1331.2460166,1.0
939,1332.1852778,1.0
940,1333.124539,1.0
941,1334.0638001999998,1.0
942,1335.0030614,1.0
943,1335.9423226,1.0
944,1336.8815838,1.0
945,1337.820845,0.997
946,1338.7601064,0.9731
947,1339.6993678,0.9999
948,1340.6386292,0.998
949,1341.5778905999998,0.997
950,1342.517152,0.994
951,1343.4564131999998,0.992
952,1344.3956744,0.991
953,1345.3349355999999,0.989
954,1346.2741968,0.986
955,1347.213458,0.985
956,1348.1527191999999,0.985
957,1349.0919804,0.985
958,1350.0312416,0.984
959,1350.9705028,0.982
960,1351.909764,0.979
961,1352.8490252,0.978
962,1353.7882864,0.976
963,1354.7275476,0.976
964,1355.6668088000001,0.971
965,1356.60607,0.966
966,1357.5453312,0.965
967,1358.4845924,0.963
968,1359.4238536,0.963
969,1360.3631148000002,0.959
970,1361.302376,0.956
971,1362.2416372,0.95
972,1363.1808984,0.947
973,1364.1201596,0.943
974,1365.0594208,0.949
975,1365.998682,0.945
976,1366.9379431999998,0.943
977,1367.8772044,0.934
978,1368.8164656,0.927
979,1369.7557268,0.921
980,1370.694988,0.914
981,1371.6342491999999,0.926
982,1372.5735104,0.918
983,1373.5127716,0.913
984,1374.4520328,0.901
985,1375.391294,0.894
986,1376.3305552,0.8781
987,1377.2698164,0.872
988,1378.2090776,0.8451
989,1379.1483388000001,0.7983
990,1380.0876,0.749
991,1381.0268612,0.701
992,1381.9661224,0.701
993,1382.9053836,0.7968
994,1383.8446448,0.9007
995,1384.783906,0.894
996,1385.7231671999998,0.892
997,1386.6624284,0.8811
998,1387.6016895999999,0.872
999,1388.5409508,0.871
1000,1389.480212,0.855
1001,1390.4194731999999,0.84
1002,1391.3587344,0.832
1003,1392.2979956,0.83
1004,1393.2372568,0.826
1005,1394.176518,0.813
1006,1395.1157792,0.7971
1007,1396.0550404,0.7781
1008,1396.9943016,0.7671
1009,1397.9335628000001,0.761
1010,1398.872824,0.761
1011,1399.8120852,0.756
1012,1400.7513464,0.751
1013,1401.6906076,0.74
1014,1402.6298688000002,0.732
1015,1403.56913,0.727
1016,1404.5083912,0.727
1017,1405.4476524,0.7399
1018,1406.3869136,0.74
1019,1407.3261748,0.738
1020,1408.265436,0.736
1021,1409.2046971999998,0.736
1022,1410.1439584,0.736
1023,1411.0832196,0.739
1024,1412.0224808,0.74
1025,1412.961742,0.742
1026,1413.9010031999999,0.749
1027,1414.8402644,0.755
1028,1415.7795256,0.758
1029,1416.7187868,0.758
1030,1417.658048,0.762
1031,1418.5973094,0.762
1032,1419.5365708,0.752
1033,1420.4758322,0.748
1034,1421.4150935999999,0.742
1035,1422.354355,0.742
1036,1423.2936161999999,0.746
1037,1424.2328774,0.749
1038,1425.1721386,0.749
1039,1426.1113998,0.6873
1040,1427.050661,0.687
1041,1427.9899222,0.725
1042,1428.9291834,0.726
1043,1429.8684446,0.742
1044,1430.8077058000001,0.742
1045,1431.746967,0.6623
1046,1432.6862282,0.662
1047,1433.6254894,0.6939
1048,1434.5647506,0.7228
1049,1435.5040118000002,0.7001
1050,1436.443273,0.683
1051,1437.3825342,0.648
1052,1438.3217954,0.648
1053,1439.2610566,0.68
1054,1440.2003178,0.68
1055,1441.139579,0.662
1056,1442.0788401999998,0.6191
1057,1443.0181014,0.6031
1058,1443.9573626,0.603
1059,1444.8966238,0.6458
1060,1445.835885,0.659
1061,1446.7751461999999,0.659
1062,1447.7144074,0.5961
1063,1448.6536686,0.57
1064,1449.5929298,0.6189
1065,1450.532191,0.6409
1066,1451.4714522,0.6649
1067,1452.4107134,0.674
1068,1453.3499746,0.5526
1069,1454.2892358000001,0.5261
1070,1455.228497,0.5
1071,1456.1677582,0.6448
1072,1457.1070194000001,0.6151
1073,1458.0462806,0.5152
1074,1458.9855418000002,0.4133
1075,1459.924803,0.413
1076,1460.8640642,0.5016
1077,1461.8033254,0.6871
1078,1462.7425866,0.6671
1079,1463.6818478,0.5964
1080,1464.621109,0.525
1081,1465.5603701999999,0.4001
1082,1466.4996314,0.4
1083,1467.4388926,0.6835
1084,1468.3781538,0.685
1085,1469.317415,0.5903
1086,1470.2566762,0.4933
1087,1471.1959374,0.4213
1088,1472.1351986,0.629
1089,1473.0744598,0.5862
1090,1474.013721,0.539
1091,1474.9529822,0.3991
1092,1475.8922434,0.6696
1093,1476.8315046,0.6001
1094,1477.7707658000002,0.5741
1095,1478.710027,0.561
1096,1479.6492882,0.5481
1097,1480.5885494,0.5221
1098,1481.5278106,0.6732
1099,1482.4670718,0.5786
1100,1483.406333,0.547
1101,1484.3455941999998,0.513
1102,1485.2848554,0.6379
1103,1486.2241166,0.6799
1104,1487.1633778,0.6431
1105,1488.102639,0.6091
1106,1489.0419001999999,0.6449
1107,1489.9811614,0.5812
1108,1490.9204226,0.5611
1109,1491.8596838,0.5411
1110,1492.798945,0.693
1111,1493.7382064,0.678
1112,1494.6774678,0.662
1113,1495.6167292,0.5572
1114,1496.5559905999999,0.4503
1115,1497.495252,0.7311
1116,1498.4345131999999,0.732
1117,1499.3737744,0.6265
1118,1500.3130356,0.5713
1119,1501.2522968,0.5451
1120,1502.191558,0.518
1121,1503.1308192,0.6429
1122,1504.0700804,0.7259
1123,1505.0093416,0.6611
1124,1505.9486028000001,0.5892
1125,1506.887864,0.5153
1126,1507.8271252,0.6255
1127,1508.7663864,0.7245
1128,1509.7056476,0.725
1129,1510.6449088000002,0.6107
1130,1511.58417,0.551
1131,1512.5234312,0.551
1132,1513.4626924,0.6589
1133,1514.4019536,0.6999
1134,1515.3412148,0.7
1135,1516.280476,0.6103
1136,1517.2197371999998,0.61
1137,1518.1589984,0.6807
1138,1519.0982596,0.7447
1139,1520.0375208,0.745
1140,1520.976782,0.716
1141,1521.9160431999999,0.6261
1142,1522.8553044,0.623
1143,1523.7945656,0.6879
1144,1524.7338268,0.7668
1145,1525.673088,0.767
1146,1526.6123492,0.6853
1147,1527.5516104,0.6322
1148,1528.4908716,0.632
1149,1529.4301328000001,0.6638
1150,1530.369394,0.683
1151,1531.3086552,0.7799
1152,1532.2479164000001,0.78
1153,1533.1871776,0.7012
1154,1534.1264388000002,0.701
1155,1535.0657,0.7668
1156,1536.0049612,0.7869
1157,1536.9442224,0.795
1158,1537.8834836,0.788
1159,1538.8227448,0.7522
1160,1539.762006,0.752
1161,1540.7012671999998,0.781
1162,1541.6405284,0.803
1163,1542.5797896,0.7741
1164,1543.5190508,0.782
1165,1544.458312,0.8079
1166,1545.3975732,0.8259
1167,1546.3368344,0.832
1168,1547.2760956,0.8171
1169,1548.2153568,0.817
1170,1549.154618,0.829
1171,1550.0938792,0.833
1172,1551.0331404,0.837
1173,1551.9724016,0.846
1174,1552.9116628000002,0.853
1175,1553.850924,0.858
1176,1554.7901852,0.8709
1177,1555.7294464,0.878
1178,1556.6687076,0.878
1179,1557.6079688,0.872
1180,1558.54723,0.872
1181,1559.4864911999998,0.874
1182,1560.4257524,0.89
1183,1561.3650135999999,0.897
1184,1562.3042748,0.9
1185,1563.243536,0.901
1186,1564.1827971999999,0.904
1187,1565.1220584,0.907
1188,1566.0613196,0.908
1189,1567.0005808,0.908
1190,1567.939842,0.907
1191,1568.8791032,0.91
1192,1569.8183644,0.913
1193,1570.7576256,0.923
1194,1571.6968868000001,0.923
1195,1572.636148,0.929
1196,1573.5754094000001,0.931
1197,1574.5146708,0.934
1198,1575.4539322,0.94
1199,1576.3931936,0.9489
1200,1577.332455,0.953
1201,1578.2717162,0.949
1202,1579.2109774,0.946
1203,1580.1502386,0.949
1204,1581.0894998,0.953
1205,1582.028761,0.956
1206,1582.9680222,0.956
1207,1583.9072834,0.958
1208,1584.8465446,0.958
1209,1585.7858058000002,0.958
1210,1586.725067,0.959
1211,1587.6643282,0.962
1212,1588.6035894,0.963
1213,1589.5428506,0.965
1214,1590.4821118,0.966
1215,1591.421373,0.968
1216,1592.3606341999998,0.969
1217,1593.2998954,0.971
1218,1594.2391566,0.972
1219,1595.1784178,0.975
1220,1596.117679,0.975
1221,1597.0569401999999,0.973
1222,1597.9962014,0.973
1223,1598.9354626,0.975
1224,1599.8747238,0.976
1225,1600.813985,0.978
1226,1601.7532462,0.979
1227,1602.6925074,0.979
1228,1603.6317686,0.979
1229,1604.5710298000001,0.981
1230,1605.510291,0.981
1231,1606.4495522,0.981
1232,1607.3888134000001,0.981
1233,1608.3280746,0.982
1234,1609.2673358000002,0.982
1235,1610.206597,0.982
1236,1611.1458582,0.981
1237,1612.0851194,0.984
1238,1613.0243806,0.984
1239,1613.9636418,0.985
1240,1614.902903,0.985
1241,1615.8421641999998,0.986
1242,1616.7814254,0.992
1243,1617.7206866,0.992
1244,1618.6599478,0.985
1245,1619.599209,0.982
1246,1620.5384702,0.981
1247,1621.4777314,0.982
1248,1622.4169926,0.984
1249,1623.3562538,0.988
1250,1624.295515,0.988
1251,1625.2347762,0.984
1252,1626.1740374,0.984
1253,1627.1132986,0.984
1254,1628.0525598000002,0.982
1255,1628.991821,0.981
1256,1629.9310822,0.981
1257,1630.8703434,0.978
1258,1631.8096046,0.978
1259,1632.7488658,0.979
1260,1633.688127,0.981
1261,1634.6273881999998,0.989
1262,1635.5666494,0.992
1263,1636.5059105999999,0.997
1264,1637.4451718,1.0
1265,1638.384433,0.988
1266,1639.3236941999999,0.982
1267,1640.2629554,0.976
1268,1641.2022166,0.976
1269,1642.1414778,0.976
1270,1643.080739,0.978
1271,1644.0200002,0.978
1272,1644.9592614,0.979
1273,1645.8985226,0.982
1274,1646.8377838000001,0.986
1275,1647.777045,0.985
1276,1648.7163064000001,0.981
1277,1649.6555678,0.979
1278,1650.5948292,0.984
1279,1651.5340906,0.989
1280,1652.473352,1.002
1281,1653.4126132,1.001
1282,1654.3518744,0.994
1283,1655.2911356,0.985
1284,1656.2303968,0.981
1285,1657.169658,0.979
1286,1658.1089192,0.979
1287,1659.0481804,0.979
1288,1659.9874416,0.981
1289,1660.9267028000002,0.981
1290,1661.865964,0.988
1291,1662.8052252,0.986
1292,1663.7444864,0.986
1293,1664.6837476,0.984
1294,1665.6230088,0.981
1295,1666.56227,0.981
1296,1667.5015311999998,0.981
1297,1668.4407924,0.984
1298,1669.3800535999999,0.988
1299,1670.3193148,0.991
1300,1671.258576,0.988
1301,1672.1978371999999,0.986
1302,1673.1370984,0.984
1303,1674.0763596,0.984
1304,1675.0156208,0.988
1305,1675.954882,0.991
1306,1676.8941432,0.985
1307,1677.8334044,0.981
1308,1678.7726656,0.981
1309,1679.7119268000001,0.981
1310,1680.651188,0.981
1311,1681.5904492,0.984
1312,1682.5297104,0.989
1313,1683.4689716,1.001
1314,1684.4082328000002,0.998
1315,1685.347494,0.994
1316,1686.2867552,0.989
1317,1687.2260164,0.986
1318,1688.1652776,0.985
1319,1689.1045388,0.985
1320,1690.0438,0.985
1321,1690.9830611999998,0.982
1322,1691.9223224,0.979
1323,1692.8615836,0.979
1324,1693.8008448,0.982
1325,1694.740106,0.985
1326,1695.6793672,0.988
1327,1696.6186284,0.992
1328,1697.5578896,0.997
1329,1698.4971508,0.998
1330,1699.436412,0.997
1331,1700.3756732,0.997
1332,1701.3149344,0.989
1333,1702.2541956,0.984
1334,1703.1934568000001,0.985
1335,1704.132718,0.985
1336,1705.0719792,0.985
1337,1706.0112404,0.985
1338,1706.9505016,0.985
1339,1707.8897628,0.984
1340,1708.829024,0.982
1341,1709.7682851999998,0.979
1342,1710.7075464,0.978
1343,1711.6468075999999,0.979
1344,1712.5860688,0.979
1345,1713.52533,0.985
1346,1714.4645911999999,0.988
1347,1715.4038524,0.988
1348,1716.3431136,0.989
1349,1717.2823748,0.991
1350,1718.221636,0.992
1351,1719.1608972,0.992
1352,1720.1001584,0.986
1353,1721.0394196,0.981
1354,1721.9786808000001,0.981
1355,1722.917942,0.979
1356,1723.8572032,0.981
1357,1724.7964644,0.981
1358,1725.7357256,0.979
1359,1726.6749868000002,0.978
1360,1727.614248,0.975
1361,1728.5535094000002,0.978
1362,1729.4927708,0.979
1363,1730.4320322,0.982
1364,1731.3712936,0.985
1365,1732.310555,0.989
1366,1733.2498162,0.989
1367,1734.1890774,0.992
1368,1735.1283386,0.985
1369,1736.0675998000002,0.979
1370,1737.006861,0.979
1371,1737.9461222,0.981
1372,1738.8853834,0.981
1373,1739.8246446,0.982
1374,1740.7639058,0.982
1375,1741.703167,0.982
1376,1742.6424281999998,0.981
1377,1743.5816894,0.979
1378,1744.5209505999999,0.978
1379,1745.4602118,0.979
1380,1746.399473,0.981
1381,1747.3387341999999,0.982
1382,1748.2779954,0.984
1383,1749.2172566,0.984
1384,1750.1565178,0.984
1385,1751.095779,0.982
1386,1752.0350402,0.982
1387,1752.9743014,0.978
1388,1753.9135626,0.978
1389,1754.8528238000001,0.975
1390,1755.792085,0.976
1391,1756.7313462,0.978
1392,1757.6706074,0.979
1393,1758.6098686,0.979
1394,1759.5491298000002,0.979
1395,1760.488391,0.979
1396,1761.4276522,0.978
1397,1762.3669134,0.975
1398,1763.3061746,0.975
1399,1764.2454358,0.975
1400,1765.184697,0.975
1401,1766.1239581999998,0.973
1402,1767.0632194,0.975
1403,1768.0024806,0.976
1404,1768.9417418,0.976
1405,1769.881003,0.978
1406,1770.8202641999999,0.984
1407,1771.7595254,0.984
1408,1772.6987866,0.978
1409,1773.6380478,0.976
1410,1774.577309,0.976
1411,1775.5165702,0.976
1412,1776.4558314,0.976
1413,1777.3950926,0.975
1414,1778.3343538000001,0.972
1415,1779.273615,0.972
1416,1780.2128762,0.973
1417,1781.1521374000001,0.973
1418,1782.0913986,0.973
1419,1783.0306598000002,0.973
1420,1783.969921,0.975
1421,1784.9091822,0.975
1422,1785.8484434,0.973
1423,1786.7877046,0.973
1424,1787.7269658,0.975
1425,1788.666227,0.975
1426,1789.6054881999999,0.973
1427,1790.5447494,0.973
1428,1791.4840106,0.982
1429,1792.4232718,0.982
1430,1793.362533,0.978
1431,1794.3017942,0.976
1432,1795.2410554,0.975
1433,1796.1803166,0.975
1434,1797.1195778000001,0.975
1435,1798.058839,0.975
1436,1798.9981002,0.975
1437,1799.9373614,0.978
1438,1800.8766226,0.978
1439,1801.8158838000002,0.975
1440,1802.755145,0.975
1441,1803.6944064000002,0.975
1442,1804.6336678,0.973
1443,1805.5729292,0.975
1444,1806.5121906,0.975
1445,1807.451452,0.975
1446,1808.3907132,0.975
1447,1809.3299744,0.975
1448,1810.2692356,0.975
1449,1811.2084968000001,0.973
1450,1812.147758,0.973
1451,1813.0870192,0.975
1452,1814.0262804,0.975
1453,1814.9655416,0.975
1454,1815.9048028,0.975
1455,1816.844064,0.975
1456,1817.7833251999998,0.975
1457,1818.7225864,0.973
1458,1819.6618475999999,0.973
1459,1820.6011088,0.973
1460,1821.54037,0.975
1461,1822.4796311999999,0.975
1462,1823.4188924,0.975
1463,1824.3581536,0.975
1464,1825.2974148,0.975
1465,1826.236676,0.975
1466,1827.1759372,0.976
1467,1828.1151984,0.976
1468,1829.0544596,0.978
1469,1829.9937208000001,0.978
1470,1830.932982,0.976
1471,1831.8722432,0.976
1472,1832.8115044,0.975
1473,1833.7507656,0.975
1474,1834.6900268000002,0.975
1475,1835.629288,0.975
1476,1836.5685492,0.975
1477,1837.5078104,0.975
1478,1838.4470716,0.975
1479,1839.3863328,0.975
1480,1840.325594,0.976
1481,1841.2648551999998,0.978
1482,1842.2041164,0.981
1483,1843.1433776,0.981
1484,1844.0826388,0.978
1485,1845.0219,0.976
1486,1845.9611611999999,0.976
1487,1846.9004224,0.976
1488,1847.8396836,0.976
1489,1848.7789448,0.976
1490,1849.718206,0.975
1491,1850.6574672,0.975
1492,1851.5967284,0.975
1493,1852.5359896,0.976
1494,1853.4752508000001,0.976
1495,1854.414512,0.976
1496,1855.3537732,0.978
1497,1856.2930344000001,0.978
1498,1857.2322956,0.978
1499,1858.1715568000002,0.978
1500,1859.110818,0.978
1501,1860.0500792,0.978
1502,1860.9893404,0.976
1503,1861.9286016,0.976
1504,1862.8678628,0.978
1505,1863.807124,0.978
1506,1864.7463851999998,0.978
1507,1865.6856464,0.979
1508,1866.6249076,0.979
1509,1867.5641688,0.981
1510,1868.50343,0.982
1511,1869.4426912,0.982
1512,1870.3819524,0.979
1513,1871.3212136,0.978
1514,1872.2604748,0.978
1515,1873.199736,0.978
1516,1874.1389972,0.978
1517,1875.0782584,0.978
1518,1876.0175196,0.978
1519,1876.9567808000002,0.978
1520,1877.896042,0.978
1521,1878.8353032,0.979
1522,1879.7745644,0.979
1523,1880.7138256,0.978
1524,1881.6530868,0.978
1525,1882.592348,0.978
1526,1883.5316094,0.978
1527,1884.4708708,0.979
1528,1885.4101322,0.979
1529,1886.3493936,0.979
1530,1887.288655,0.979
1531,1888.2279162,0.979
1532,1889.1671774000001,0.981
1533,1890.1064386,0.981
1534,1891.0456998000002,0.979
1535,1891.984961,0.979
1536,1892.9242222,0.979
1537,1893.8634834,0.979
1538,1894.8027446,0.981
1539,1895.7420058,0.981
1540,1896.681267,0.979
1541,1897.6205281999999,0.978
1542,1898.5597894,0.978
1543,1899.4990506,0.978
1544,1900.4383118,0.978
1545,1901.377573,0.978
1546,1902.3168342,0.978
1547,1903.2560954,0.978
1548,1904.1953566,0.979
1549,1905.1346178000001,0.979
1550,1906.073879,0.979
1551,1907.0131402,0.979
1552,1907.9524014,0.979
1553,1908.8916626,0.979
1554,1909.8309238000002,0.979
1555,1910.770185,0.979
1556,1911.7094462,0.979
1557,1912.6487074,0.979
1558,1913.5879686,0.979
1559,1914.5272298,0.979
1560,1915.466491,0.979
1561,1916.4057521999998,0.979
1562,1917.3450134,0.981
1563,1918.2842746,0.979
1564,1919.2235358,0.979
1565,1920.162797,0.979
1566,1921.1020581999999,0.979
1567,1922.0413194,0.979
1568,1922.9805806,0.979
1569,1923.9198418,0.979
1570,1924.859103,0.979
1571,1925.7983642,0.979
1572,1926.7376254,0.979
1573,1927.6768866,0.979
1574,1928.6161478000001,0.979
1575,1929.555409,0.979
1576,1930.4946702,0.978
1577,1931.4339314000001,0.979
1578,1932.3731926,0.979
1579,1933.3124538000002,0.978
1580,1934.251715,0.978
1581,1935.1909762,0.978
1582,1936.1302374,0.978
1583,1937.0694986,0.978
1584,1938.0087598,0.978
1585,1938.948021,0.978
1586,1939.8872821999998,0.978
1587,1940.8265434,0.979
1588,1941.7658046,0.981
1589,1942.7050658,0.979
1590,1943.644327,0.979
1591,1944.5835882,0.979
1592,1945.5228494,0.979
1593,1946.4621106,0.979
1594,1947.4013718,0.979
1595,1948.340633,0.979
1596,1949.2798942,0.979
1597,1950.2191554,0.979
1598,1951.1584166,0.978
1599,1952.0976778000002,0.978
1600,1953.036939,0.979
1601,1953.9762002,0.979
1602,1954.9154614,0.978
1603,1955.8547226,0.978
1604,1956.7939838,0.978
1605,1957.733245,0.978
1606,1958.6725064,0.978
1607,1959.6117678,0.976
1608,1960.5510292,0.976
1609,1961.4902906,0.976
1610,1962.429552,0.976
1611,1963.3688132,0.978
1612,1964.3080744000001,0.978
1613,1965.2473356,0.978
1614,1966.1865968000002,0.978
1615,1967.125858,0.978
1616,1968.0651192,0.978
1617,1969.0043804,0.978
1618,1969.9436416,0.978
1619,1970.8829028,0.978
1620,1971.822164,0.978
1621,1972.7614251999998,0.978
1622,1973.7006864,0.978
1623,1974.6399476,0.978
1624,1975.5792088,0.978
1625,1976.51847,0.976
1626,1977.4577312,0.976
1627,1978.3969924,0.976
1628,1979.3362536,0.976
1629,1980.2755148,0.976
1630,1981.214776,0.978
1631,1982.1540372,0.978
1632,1983.0932984,0.978
1633,1984.0325596,0.978
1634,1984.9718208000002,0.978
1635,1985.911082,0.978
1636,1986.8503432,0.978
1637,1987.7896044,0.978
1638,1988.7288656,0.978
1639,1989.6681268,0.978
1640,1990.607388,0.979
1641,1991.5466491999998,0.981
1642,1992.4859104,0.981
1643,1993.4251715999999,0.979
1644,1994.3644328,0.979
1645,1995.303694,0.979
1646,1996.2429551999999,0.979
1647,1997.1822164,0.979
1648,1998.1214776,0.979
1649,1999.0607388,0.979
1650,2000.0,0.979
1651,2000.9392612,0.9785
1652,2001.8785224,0.978
1653,2002.8177836,0.978
1654,2003.7570448000001,0.978
1655,2004.696306,0.9755
1656,2005.6355672,0.973
1657,2006.5748284000001,0.9681
1658,2007.5140896,0.9631
1659,2008.4533508000002,0.963
1660,2009.392612,0.963
1661,2010.3318732,0.9702
1662,2011.2711344,0.9777
1663,2012.2103956,0.978
1664,2013.1496568,0.978
1665,2014.088918,0.977
1666,2015.0281791999998,0.9761
1667,2015.9674404,0.976
1668,2016.9067016,0.976
1669,2017.8459628,0.976
1670,2018.785224,0.976
1671,2019.7244852,0.977
1672,2020.6637464,0.9779
1673,2021.6030076,0.978
1674,2022.5422688,0.978
1675,2023.48153,0.9766
1676,2024.4207912,0.9751
1677,2025.3600524,0.975
1678,2026.2993136,0.975
1679,2027.2385748000002,0.975
1680,2028.177836,0.975
1681,2029.1170972,0.9741
1682,2030.0563584,0.9731
1683,2030.9956196,0.973
1684,2031.9348808,0.973
1685,2032.874142,0.973
1686,2033.8134031999998,0.973
1687,2034.7526644,0.973
1688,2035.6919255999999,0.973
1689,2036.6311868,0.973
1690,2037.570448,0.973
1691,2038.5097094,0.973
1692,2039.4489708,0.973
1693,2040.3882322,0.9739
1694,2041.3274936,0.9749
1695,2042.266755,0.9754
1696,2043.2060162,0.9759
1697,2044.1452774,0.976
1698,2045.0845386,0.976
1699,2046.0237998,0.976
1700,2046.963061,0.976
1701,2047.9023222,0.976
1702,2048.8415834,0.976
1703,2049.7808446,0.976
1704,2050.7201058,0.976
1705,2051.659367,0.976
1706,2052.5986282000003,0.976
1707,2053.5378894,0.976
1708,2054.4771506,0.976
1709,2055.4164118,0.976
1710,2056.355673,0.976
1711,2057.2949342,0.976
1712,2058.2341954,0.976
1713,2059.1734566,0.976
1714,2060.1127177999997,0.976
1715,2061.051979,0.976
1716,2061.9912402,0.976
1717,2062.9305014,0.976
1718,2063.8697626,0.976
1719,2064.8090238,0.976
1720,2065.748285,0.976
1721,2066.6875462000003,0.976
1722,2067.6268074,0.976
1723,2068.5660686,0.976
1724,2069.5053298,0.976
1725,2070.444591,0.976
1726,2071.3838522,0.976
1727,2072.3231134000002,0.976
1728,2073.2623746,0.976
1729,2074.2016358,0.976
1730,2075.140897,0.976
1731,2076.0801582000004,0.976
1732,2077.0194194,0.976
1733,2077.9586806,0.976
1734,2078.8979418,0.976
1735,2079.837203,0.976
1736,2080.7764642,0.976
1737,2081.7157254,0.9768
1738,2082.6549866,0.9778
1739,2083.5942477999997,0.9772
1740,2084.533509,0.9762
1741,2085.4727702,0.976
1742,2086.4120314,0.976
1743,2087.3512926,0.976
1744,2088.2905538,0.976
1745,2089.229815,0.976
1746,2090.1690762000003,0.976
1747,2091.1083374,0.976
1748,2092.0475986,0.976
1749,2092.9868598,0.976
1750,2093.926121,0.976
1751,2094.8653822,0.976
1752,2095.8046434,0.976
1753,2096.7439046,0.976
1754,2097.6831657999996,0.976
1755,2098.622427,0.976
1756,2099.5616882,0.976
1757,2100.5009494,0.976
1758,2101.4402106,0.976
1759,2102.3794718,0.976
1760,2103.318733,0.976
1761,2104.2579942,0.976
1762,2105.1972554,0.976
1763,2106.1365166,0.976
1764,2107.0757777999997,0.976
1765,2108.015039,0.976
1766,2108.9543002,0.976
1767,2109.8935614,0.976
1768,2110.8328226,0.976
1769,2111.7720838,0.976
1770,2112.711345,0.976
1771,2113.6506064,0.976
1772,2114.5898678,0.976
1773,2115.5291292,0.976
1774,2116.4683906,0.976
1775,2117.407652,0.976
1776,2118.3469132,0.976
1777,2119.2861744,0.976
1778,2120.2254356,0.976
1779,2121.1646968,0.976
1780,2122.103958,0.976
1781,2123.0432192000003,0.976
1782,2123.9824804,0.976
1783,2124.9217416,0.976
1784,2125.8610028,0.976
1785,2126.800264,0.976
1786,2127.7395252,0.976
1787,2128.6787864,0.976
1788,2129.6180476,0.976
1789,2130.5573087999996,0.976
1790,2131.49657,0.976
1791,2132.4358312,0.976
1792,2133.3750924,0.976
1793,2134.3143536,0.976
1794,2135.2536148,0.976
1795,2136.192876,0.976
1796,2137.1321372,0.976
1797,2138.0713984,0.976
1798,2139.0106596,0.976
1799,2139.9499207999997,0.976
1800,2140.889182,0.976
1801,2141.8284432,0.976
1802,2142.7677044,0.976
1803,2143.7069656,0.976
1804,2144.6462268,0.976
1805,2145.585488,0.976
1806,2146.5247492000003,0.976
1807,2147.4640104,0.976
1808,2148.4032716,0.976
1809,2149.3425328,0.976
1810,2150.281794,0.976
1811,2151.2210552,0.976
1812,2152.1603164,0.976
1813,2153.0995776,0.976
1814,2154.0388387999997,0.976
1815,2154.9781,0.976
1816,2155.9173612,0.976
1817,2156.8566224,0.976
1818,2157.7958836,0.976
1819,2158.7351448,0.976
1820,2159.674406,0.976
1821,2160.6136672000002,0.9757
1822,2161.5529284,0.9752
1823,2162.4921896,0.975
1824,2163.4314507999998,0.975
1825,2164.370712,0.975
1826,2165.3099732,0.975
1827,2166.2492344,0.975
1828,2167.1884956,0.975
1829,2168.1277568,0.975
1830,2169.067018,0.975
1831,2170.0062792000003,0.9744
1832,2170.9455404,0.9734
1833,2171.8848016,0.973
1834,2172.8240628,0.973
1835,2173.763324,0.973
1836,2174.7025852,0.973
1837,2175.6418464,0.973
1838,2176.5811076,0.973
1839,2177.5203687999997,0.9727
1840,2178.45963,0.9722
1841,2179.3988912,0.972
1842,2180.3381524,0.972
1843,2181.2774136,0.9717
1844,2182.2166748,0.9712
1845,2183.155936,0.971
1846,2184.0951972000003,0.971
1847,2185.0344584,0.971
1848,2185.9737196,0.971
1849,2186.9129808,0.9705
1850,2187.852242,0.9695
1851,2188.7915032,0.969
1852,2189.7307644,0.969
1853,2190.6700256,0.969
1854,2191.6092868,0.969
1855,2192.548548,0.969
1856,2193.4878094,0.969
1857,2194.4270708,0.9687
1858,2195.3663322,0.9682
1859,2196.3055936,0.968
1860,2197.244855,0.968
1861,2198.1841162,0.968
1862,2199.1233774,0.968
1863,2200.0626386,0.968
1864,2201.0018998,0.968
1865,2201.941161,0.9675
1866,2202.8804222000003,0.9665
1867,2203.8196834,0.966
1868,2204.7589446,0.966
1869,2205.6982058,0.966
1870,2206.637467,0.966
1871,2207.5767282,0.966
1872,2208.5159894,0.966
1873,2209.4552506,0.966
1874,2210.3945117999997,0.966
1875,2211.333773,0.966
1876,2212.2730342,0.966
1877,2213.2122954,0.966
1878,2214.1515566,0.966
1879,2215.0908178,0.9658
1880,2216.030079,0.9653
1881,2216.9693402000003,0.965
1882,2217.9086014,0.965
1883,2218.8478626,0.965
1884,2219.7871238,0.965
1885,2220.726385,0.9646
1886,2221.6656462,0.9636
1887,2222.6049074000002,0.9628
1888,2223.5441686,0.9623
1889,2224.4834298,0.962
1890,2225.422691,0.962
1891,2226.3619522000004,0.962
1892,2227.3012134,0.962
1893,2228.2404746,0.9622
1894,2229.1797358,0.9627
1895,2230.118997,0.963
1896,2231.0582582,0.963
1897,2231.9975194,0.9634
1898,2232.9367806,0.9644
1899,2233.8760417999997,0.965
1900,2234.815303,0.965
1901,2235.7545642,0.965
1902,2236.6938254,0.965
1903,2237.6330866,0.9652
1904,2238.5723478,0.9657
1905,2239.511609,0.966
1906,2240.4508702000003,0.966
1907,2241.3901314,0.966
1908,2242.3293926,0.966
1909,2243.2686538,0.9664
1910,2244.207915,0.9674
1911,2245.1471762,0.968
1912,2246.0864374,0.968
1913,2247.0256986,0.968
1914,2247.9649597999996,0.968
1915,2248.904221,0.968
1916,2249.8434822,0.968
1917,2250.7827434,0.968
1918,2251.7220045999998,0.968
1919,2252.6612658,0.968
1920,2253.600527,0.968
1921,2254.5397882,0.968
1922,2255.4790494,0.968
1923,2256.4183106,0.968
1924,2257.3575717999997,0.968
1925,2258.296833,0.968
1926,2259.2360942,0.968
1927,2260.1753554,0.968
1928,2261.1146166,0.968
1929,2262.0538778,0.968
1930,2262.993139,0.968
1931,2263.9324002000003,0.9682
1932,2264.8716614,0.9687
1933,2265.8109226,0.969
1934,2266.7501838,0.969
1935,2267.689445,0.969
1936,2268.6287064,0.969
1937,2269.5679678,0.969
1938,2270.5072292,0.969
1939,2271.4464906000003,0.969
1940,2272.385752,0.969
1941,2273.3250132000003,0.969
1942,2274.2642744,0.969
1943,2275.2035356,0.969
1944,2276.1427968,0.969
1945,2277.082058,0.969
1946,2278.0213192,0.969
1947,2278.9605804,0.969
1948,2279.8998416,0.969
1949,2280.8391027999996,0.969
1950,2281.778364,0.969
1951,2282.7176252,0.969
1952,2283.6568864,0.969
1953,2284.5961475999998,0.9688
1954,2285.5354088,0.9684
1955,2286.47467,0.968
1956,2287.4139312,0.968
1957,2288.3531924,0.968
1958,2289.2924536,0.968
1959,2290.2317147999997,0.9677
1960,2291.170976,0.9667
1961,2292.1102372,0.966
1962,2293.0494984,0.966
1963,2293.9887596,0.966
1964,2294.9280208,0.966
1965,2295.867282,0.966
1966,2296.8065432000003,0.966
1967,2297.7458044,0.966
1968,2298.6850656,0.966
1969,2299.6243268,0.9663
1970,2300.563588,0.9673
1971,2301.5028492,0.9681
1972,2302.4421104,0.9686
1973,2303.3813716,0.969
1974,2304.3206327999997,0.969
1975,2305.259894,0.969
1976,2306.1991552,0.969
1977,2307.1384164,0.9692
1978,2308.0776776,0.9702
1979,2309.0169388,0.971
1980,2309.9562,0.971
1981,2310.8954612,0.9711
1982,2311.8347224,0.9716
1983,2312.7739836,0.9723
1984,2313.7132447999998,0.9738
1985,2314.652506,0.9751
1986,2315.5917672,0.9756
1987,2316.5310284,0.976
1988,2317.4702896,0.976
1989,2318.4095508,0.9763
1990,2319.348812,0.9778
1991,2320.2880732000003,0.9792
1992,2321.2273344,0.9802
1993,2322.1665956,0.9811
1994,2323.1058568,0.9816
1995,2324.045118,0.9822
1996,2324.9843792,0.9832
1997,2325.9236404,0.984
1998,2326.8629016,0.984
1999,2327.8021627999997,0.9838
2000,2328.741424,0.9828
2001,2329.6806852,0.982
2002,2330.6199464,0.982
2003,2331.5592076,0.982
2004,2332.4984688,0.982
2005,2333.43773,0.9819
2006,2334.3769912000002,0.9814
2007,2335.3162524,0.9808
2008,2336.2555136,0.9798
2009,2337.1947748,0.9792
2010,2338.134036,0.9802
2011,2339.0732972,0.981
2012,2340.0125584,0.981
2013,2340.9518196,0.9808
2014,2341.8910808,0.9798
2015,2342.830342,0.9789
2016,2343.7696032000003,0.9784
2017,2344.7088644,0.9778
2018,2345.6481256,0.9763
2019,2346.5873868,0.9748
2020,2347.526648,0.9733
2021,2348.4659094,0.9718
2022,2349.4051708,0.9703
2023,2350.3444322,0.9689
2024,2351.2836936000003,0.9684
2025,2352.222955,0.9683
2026,2353.1622162000003,0.9708
2027,2354.1014774,0.9735
2028,2355.0407386,0.9775
2029,2355.9799998,0.9811
2030,2356.919261,0.9816
2031,2357.8585222,0.9822
2032,2358.7977834,0.9837
2033,2359.7370446,0.9852
2034,2360.6763057999997,0.9872
2035,2361.615567,0.989
2036,2362.5548282,0.989
2037,2363.4940894,0.9888
2038,2364.4333506,0.9873
2039,2365.3726118,0.986
2040,2366.311873,0.9855
2041,2367.2511342000003,0.9846
2042,2368.1903954,0.9801
2043,2369.1296566,0.9751
2044,2370.0689178,0.9646
2045,2371.008179,0.955
2046,2371.9474402,0.955
2047,2372.8867014,0.9562
2048,2373.8259626,0.9726
2049,2374.7652238,0.9879
2050,2375.704485,0.9864
2051,2376.6437462000004,0.9849
2052,2377.5830074,0.9834
2053,2378.5222686,0.9815
2054,2379.4615298,0.9745
2055,2380.400791,0.9676
2056,2381.3400522,0.9616
2057,2382.2793134,0.9558
2058,2383.2185746,0.9528
2059,2384.1578357999997,0.9498
2060,2385.097097,0.9463
2061,2386.0363582,0.943
2062,2386.9756194,0.9425
2063,2387.9148806,0.942
2064,2388.8541418,0.942
2065,2389.793403,0.942
2066,2390.7326642000003,0.9425
2067,2391.6719254,0.943
2068,2392.6111866,0.9445
2069,2393.5504478,0.9461
2070,2394.489709,0.9491
2071,2395.4289702,0.9521
2072,2396.3682314000002,0.9541
2073,2397.3074926,0.9561
2074,2398.2467538,0.958
2075,2399.186015,0.9601
2076,2400.1252762000004,0.9625
2077,2401.0645374,0.965
2078,2402.0037986,0.967
2079,2402.9430598,0.969
2080,2403.882321,0.971
2081,2404.8215822,0.973
2082,2405.7608434,0.9745
2083,2406.7001046,0.976
2084,2407.6393657999997,0.976
2085,2408.578627,0.976
2086,2409.5178882,0.976
2087,2410.4571494,0.976
2088,2411.3964106,0.977
2089,2412.3356718,0.978
2090,2413.274933,0.9785
2091,2414.2141942000003,0.979
2092,2415.1534554,0.979
2093,2416.0927166,0.979
2094,2417.0319778,0.979
2095,2417.971239,0.979
2096,2418.9105002,0.979
2097,2419.8497614,0.979
2098,2420.7890226,0.9785
2099,2421.7282837999996,0.978
2100,2422.667545,0.978
2101,2423.6068063999996,0.978
2102,2424.5460678,0.978
2103,2425.4853292,0.978
2104,2426.4245906,0.978
2105,2427.363852,0.978
2106,2428.3031132,0.978
2107,2429.2423744,0.978
2108,2430.1816356,0.978
2109,2431.1208967999996,0.978
2110,2432.060158,0.9785
2111,2432.9994192,0.979
2112,2433.9386804,0.979
2113,2434.8779415999998,0.979
2114,2435.8172028,0.979
2115,2436.756464,0.979
2116,2437.6957252,0.979
2117,2438.6349864,0.979
2118,2439.5742476,0.979
2119,2440.5135087999997,0.979
2120,2441.45277,0.979
2121,2442.3920312,0.979
2122,2443.3312924,0.979
2123,2444.2705536,0.979
2124,2445.2098148,0.979
2125,2446.149076,0.979
2126,2447.0883372000003,0.979
2127,2448.0275984,0.979
2128,2448.9668596,0.979
2129,2449.9061208,0.979
2130,2450.845382,0.979
2131,2451.7846432,0.979
2132,2452.7239044,0.979
2133,2453.6631656,0.979
2134,2454.6024267999996,0.979
2135,2455.541688,0.979
2136,2456.4809492,0.979
2137,2457.4202104,0.979
2138,2458.3594716,0.979
2139,2459.2987328,0.979
2140,2460.237994,0.979
2141,2461.1772552,0.979
2142,2462.1165164,0.9786
2143,2463.0557776,0.9781
2144,2463.9950387999997,0.978
2145,2464.9343,0.978
2146,2465.8735612,0.978
2147,2466.8128224,0.978
2148,2467.7520836,0.978
2149,2468.6913448,0.978
2150,2469.630606,0.978
2151,2470.5698672000003,0.978
2152,2471.5091284,0.978
2153,2472.4483896,0.978
2154,2473.3876508,0.978
2155,2474.326912,0.978
2156,2475.2661732,0.978
2157,2476.2054344,0.978
2158,2477.1446956,0.9784
2159,2478.0839567999997,0.9789
2160,2479.023218,0.9786
2161,2479.9624792,0.9781
2162,2480.9017404,0.978
2163,2481.8410016,0.978
2164,2482.7802628,0.9784
2165,2483.719524,0.9789
2166,2484.6587852000002,0.979
2167,2485.5980464,0.979
2168,2486.5373076,0.979
2169,2487.4765687999998,0.979
2170,2488.41583,0.979
2171,2489.3550912,0.979
2172,2490.2943524,0.979
2173,2491.2336136,0.979
2174,2492.1728748,0.979
2175,2493.112136,0.979
2176,2494.0513972000003,0.979
2177,2494.9906584,0.979
2178,2495.9299196,0.979
2179,2496.8691808,0.979
2180,2497.808442,0.979
2181,2498.7477032,0.979
2182,2499.6869644,0.979
2183,2500.6262256,0.979
2184,2501.5654867999997,0.979
2185,2502.504748,0.979
2186,2503.4440093999997,0.979
2187,2504.3832708,0.979
2188,2505.3225322,0.979
2189,2506.2617936,0.979
2190,2507.201055,0.979
2191,2508.1403162,0.979
2192,2509.0795774,0.979
2193,2510.0188386,0.979
2194,2510.9580997999997,0.979
2195,2511.897361,0.979
2196,2512.8366222,0.979
2197,2513.7758834,0.979
2198,2514.7151446,0.979
2199,2515.6544058,0.979
2200,2516.593667,0.979
2201,2517.5329282000002,0.979
2202,2518.4721894,0.979
2203,2519.4114506,0.979
2204,2520.3507117999998,0.979
2205,2521.289973,0.979
2206,2522.2292342,0.979
2207,2523.1684954,0.979
2208,2524.1077566,0.979
2209,2525.0470178,0.979
2210,2525.986279,0.979
2211,2526.9255402000003,0.979
2212,2527.8648014,0.979
2213,2528.8040626,0.979
2214,2529.7433238,0.979
2215,2530.682585,0.979
2216,2531.6218462,0.979
2217,2532.5611074,0.979
2218,2533.5003686,0.979
2219,2534.4396297999997,0.979
2220,2535.378891,0.979
2221,2536.3181522,0.979
2222,2537.2574134,0.9787
2223,2538.1966746,0.9782
2224,2539.1359358,0.978
2225,2540.075197,0.978
2226,2541.0144582000003,0.978
2227,2541.9537194,0.978
2228,2542.8929806,0.978
2229,2543.8322418,0.978
2230,2544.771503,0.978
2231,2545.7107642,0.978
2232,2546.6500254000002,0.978
2233,2547.5892866,0.978
2234,2548.5285478,0.978
2235,2549.467809,0.978
2236,2550.4070702000004,0.978
2237,2551.3463314,0.978
2238,2552.2855926,0.978
2239,2553.2248538,0.978
2240,2554.164115,0.9774
2241,2555.1033762,0.9764
2242,2556.0426374,0.976
2243,2556.9818986,0.976
2244,2557.9211597999997,0.976
2245,2558.860421,0.976
2246,2559.7996822,0.976
2247,2560.7389434,0.976
2248,2561.6782046,0.976
2249,2562.6174658,0.976
2250,2563.556727,0.976
2251,2564.4959882000003,0.976
2252,2565.4352494,0.976
2253,2566.3745106,0.976
2254,2567.3137718,0.976
2255,2568.253033,0.976
2256,2569.1922942,0.9757
2257,2570.1315554,0.9752
2258,2571.0708166,0.975
2259,2572.0100777999996,0.975
2260,2572.949339,0.975
2261,2573.8886002,0.975
2262,2574.8278614,0.975
2263,2575.7671225999998,0.975
2264,2576.7063838,0.975
2265,2577.645645,0.975
2266,2578.5849064,0.9744
2267,2579.5241678,0.9734
2268,2580.4634292,0.973
2269,2581.4026906000004,0.973
2270,2582.341952,0.973
2271,2583.2812132000004,0.973
2272,2584.2204744,0.973
2273,2585.1597356,0.973
2274,2586.0989968,0.973
2275,2587.038258,0.973
2276,2587.9775192,0.9727
2277,2588.9167804,0.9722
2278,2589.8560416,0.9717
2279,2590.7953027999997,0.9712
2280,2591.734564,0.9705
2281,2592.6738252,0.9695
2282,2593.6130864,0.969
2283,2594.5523476,0.969
2284,2595.4916088,0.9687
2285,2596.43087,0.9682
2286,2597.3701312000003,0.968
2287,2598.3093924,0.968
2288,2599.2486536,0.968
2289,2600.1879148,0.968
2290,2601.127176,0.9675
2291,2602.0664372,0.9665
2292,2603.0056984,0.9657
2293,2603.9449596,0.9652
2294,2604.8842207999996,0.965
2295,2605.823482,0.965
2296,2606.7627432,0.9645
2297,2607.7020044,0.9635
2298,2608.6412655999998,0.9627
2299,2609.5805268,0.9622
2300,2610.519788,0.9615
2301,2611.4590492,0.9605
2302,2612.3983104,0.96
2303,2613.3375716,0.96
2304,2614.2768327999997,0.9598
2305,2615.216094,0.9593
2306,2616.1553552,0.9588
2307,2617.0946164,0.9583
2308,2618.0338776,0.9575
2309,2618.9731388,0.9565
2310,2619.9124,0.9558
2311,2620.8516612000003,0.9553
2312,2621.7909224,0.9545
2313,2622.7301836,0.9535
2314,2623.6694448,0.953
2315,2624.608706,0.953
2316,2625.5479672,0.953
2317,2626.4872284,0.953
2318,2627.4264896,0.953
2319,2628.3657507999997,0.953
2320,2629.305012,0.9528
2321,2630.2442732,0.9523
2322,2631.1835344,0.9516
2323,2632.1227956,0.9506
2324,2633.0620568,0.9498
2325,2634.001318,0.9493
2326,2634.9405792000002,0.9486
2327,2635.8798404,0.9476
2328,2636.8191016,0.9468
2329,2637.7583627999998,0.9463
2330,2638.697624,0.946
2331,2639.6368852,0.946
2332,2640.5761464,0.946
2333,2641.5154076,0.946
2334,2642.4546688,0.946
2335,2643.39393,0.946
2336,2644.3331912000003,0.9458
2337,2645.2724524,0.9453
2338,2646.2117136,0.945
2339,2647.1509748,0.945
2340,2648.090236,0.945
2341,2649.0294972,0.945
2342,2649.9687584,0.945
2343,2650.9080196,0.945
2344,2651.8472807999997,0.945
2345,2652.786542,0.945
2346,2653.7258032,0.9446
2347,2654.6650644,0.9436
2348,2655.6043256,0.943
2349,2656.5435868,0.943
2350,2657.482848,0.943
2351,2658.4221094,0.943
2352,2659.3613708,0.943
2353,2660.3006322,0.943
2354,2661.2398936,0.943
2355,2662.179155,0.943
2356,2663.1184162,0.943
2357,2664.0576774,0.943
2358,2664.9969386,0.943
2359,2665.9361998,0.943
2360,2666.875461,0.943
2361,2667.8147222000002,0.943
2362,2668.7539834,0.943
2363,2669.6932446,0.943
2364,2670.6325057999998,0.943
2365,2671.571767,0.943
2366,2672.5110282,0.943
2367,2673.4502894,0.943
2368,2674.3895506,0.943
2369,2675.3288118,0.943
2370,2676.268073,0.943
2371,2677.2073342000003,0.943
2372,2678.1465954,0.943
2373,2679.0858566,0.943
2374,2680.0251178,0.9433
2375,2680.964379,0.9443
2376,2681.9036402,0.945
2377,2682.8429014,0.945
2378,2683.7821626,0.9452
2379,2684.7214237999997,0.9457
2380,2685.660685,0.946
2381,2686.5999462,0.946
2382,2687.5392074,0.946
2383,2688.4784686,0.946
2384,2689.4177298,0.946
2385,2690.356991,0.946
2386,2691.2962522000003,0.9461
2387,2692.2355134,0.9466
2388,2693.1747746,0.9473
2389,2694.1140358,0.9483
2390,2695.053297,0.949
2391,2695.9925582,0.949
2392,2696.9318194,0.9491
2393,2697.8710806,0.9496
2394,2698.8103418,0.9503
2395,2699.749603,0.9513
2396,2700.6888642000004,0.952
2397,2701.6281254,0.952
2398,2702.5673866,0.9516
2399,2703.5066478,0.9501
2400,2704.445909,0.949
2401,2705.3851702,0.949
2402,2706.3244314,0.949
2403,2707.2636926,0.949
2404,2708.2029537999997,0.949
2405,2709.142215,0.949
2406,2710.0814762,0.9488
2407,2711.0207374,0.9478
2408,2711.9599986,0.9469
2409,2712.8992598,0.9464
2410,2713.838521,0.9456
2411,2714.7777822000003,0.9441
2412,2715.7170434,0.9429
2413,2716.6563046,0.9424
2414,2717.5955658,0.942
2415,2718.534827,0.942
2416,2719.4740882,0.9413
2417,2720.4133494000002,0.9383
2418,2721.3526106,0.9357
2419,2722.2918718,0.9342
2420,2723.231133,0.9327
2421,2724.1703942000004,0.9312
2422,2725.1096554,0.9296
2423,2726.0489166,0.9276
2424,2726.9881778,0.9257
2425,2727.927439,0.9242
2426,2728.8667002,0.9227
2427,2729.8059614,0.9212
2428,2730.7452226,0.9197
2429,2731.6844837999997,0.9182
2430,2732.623745,0.9167
2431,2733.5630063999997,0.9152
2432,2734.5022678,0.9137
2433,2735.4415292,0.9122
2434,2736.3807906,0.911
2435,2737.320052,0.911
2436,2738.2593132,0.911
2437,2739.1985744,0.911
2438,2740.1378356,0.9112
2439,2741.0770967999997,0.9122
2440,2742.016358,0.9131
2441,2742.9556192,0.9136
2442,2743.8948804,0.9143
2443,2744.8341416,0.9158
2444,2745.7734028,0.9171
2445,2746.712664,0.9176
2446,2747.6519252000003,0.918
2447,2748.5911864,0.918
2448,2749.5304476,0.9121
2449,2750.4697088,0.8727
2450,2751.40897,0.8351
2451,2752.3482312,0.8079
2452,2753.2874924,0.7852
2453,2754.2267536,0.7862
2454,2755.1660147999996,0.7962
2455,2756.105276,0.8565
2456,2757.0445372,0.9089
2457,2757.9837984,0.9149
2458,2758.9230595999998,0.92
2459,2759.8623208,0.92
2460,2760.801582,0.919
2461,2761.7408432,0.9115
2462,2762.6801044,0.9039
2463,2763.6193656,0.8949
2464,2764.5586267999997,0.8863
2465,2765.497888,0.8803
2466,2766.4371492,0.8748
2467,2767.3764104,0.8728
2468,2768.3156716,0.8698
2469,2769.2549328,0.8589
2470,2770.194194,0.8482
2471,2771.1334552000003,0.8396
2472,2772.0727164,0.8319
2473,2773.0119776,0.8309
2474,2773.9512388,0.8296
2475,2774.8905,0.8261
2476,2775.8297612,0.8229
2477,2776.7690224,0.8219
2478,2777.7082836,0.8211
2479,2778.6475447999997,0.8221
2480,2779.586806,0.8239
2481,2780.5260672,0.8338
2482,2781.4653284,0.8436
2483,2782.4045896,0.8511
2484,2783.3438508,0.8586
2485,2784.283112,0.8676
2486,2785.2223732,0.8766
2487,2786.1616344,0.8856
2488,2787.1008956,0.8941
2489,2788.0401567999997,0.8961
2490,2788.979418,0.8981
2491,2789.9186792,0.8991
2492,2790.8579404,0.9004
2493,2791.7972016,0.9058
2494,2792.7364628,0.9112
2495,2793.675724,0.9147
2496,2794.6149852000003,0.9181
2497,2795.5542464,0.919
2498,2796.4935076,0.92
2499,2797.4327688,0.919
2500,2798.37203,0.9176
2501,2799.3112912,0.9087
2502,2800.2505524,0.8999
2503,2801.1898136,0.8969
2504,2802.1290747999997,0.8939
2505,2803.068336,0.892
2506,2804.0075972,0.8899
2507,2804.9468584,0.887
2508,2805.8861196,0.884
2509,2806.8253808,0.8825
2510,2807.764642,0.881
2511,2808.7039032000002,0.881
2512,2809.6431644,0.8809
2513,2810.5824256,0.8764
2514,2811.5216867999998,0.872
2515,2812.460948,0.8705
2516,2813.4002093999998,0.869
2517,2814.3394708,0.867
2518,2815.2787322,0.865
2519,2816.2179936,0.863
2520,2817.157255,0.861
2521,2818.0965162,0.86
2522,2819.0357774,0.859
2523,2819.9750386,0.857
2524,2820.9142997999998,0.855
2525,2821.853561,0.8506
2526,2822.7928222,0.8461
2527,2823.7320834,0.8416
2528,2824.6713446,0.8371
2529,2825.6106058,0.836
2530,2826.549867,0.835
2531,2827.4891282000003,0.834
2532,2828.4283894,0.833
2533,2829.3676506,0.8315
2534,2830.3069118,0.83
2535,2831.246173,0.8232
2536,2832.1854342,0.8163
2537,2833.1246954,0.8103
2538,2834.0639566,0.8043
2539,2835.0032177999997,0.7997
2540,2835.942479,0.7952
2541,2836.8817402,0.7945
2542,2837.8210014,0.794
2543,2838.7602626,0.7865
2544,2839.6995238,0.7785
2545,2840.638785,0.7705
2546,2841.5780462000002,0.7626
2547,2842.5173074,0.7569
2548,2843.4565686,0.7514
2549,2844.3958298,0.7473
2550,2845.335091,0.7433
2551,2846.2743522,0.737
2552,2847.2136134,0.7305
2553,2848.1528746,0.7254
2554,2849.0921358,0.7204
2555,2850.031397,0.7136
2556,2850.9706582000003,0.7066
2557,2851.9099194,0.6859
2558,2852.8491806,0.664
2559,2853.7884418,0.6416
2560,2854.727703,0.6192
2561,2855.6669642,0.6121
2562,2856.6062254,0.6066
2563,2857.5454866,0.6006
2564,2858.4847477999997,0.5947
2565,2859.424009,0.5798
2566,2860.3632702,0.5639
2567,2861.3025314,0.5484
2568,2862.2417926,0.5329
2569,2863.1810538,0.5131
2570,2864.120315,0.4927
2571,2865.0595762000003,0.4506
2572,2865.9988374,0.4053
2573,2866.9380986,0.3806
2574,2867.8773598,0.3587
2575,2868.816621,0.3407
2576,2869.7558822,0.3233
2577,2870.6951434000002,0.2816
2578,2871.6344046,0.2362
2579,2872.5736658,0.1905
2580,2873.512927,0.1446
2581,2874.4521882000004,0.129
2582,2875.3914494,0.1186
2583,2876.3307106,0.1102
2584,2877.2699718,0.1023
2585,2878.209233,0.1002
2586,2879.1484942,0.0992
2587,2880.0877554,0.0978
2588,2881.0270166,0.0963
2589,2881.9662777999997,0.0927
2590,2882.905539,0.0887
2591,2883.8448002,0.0992
2592,2884.7840614,0.1128
2593,2885.7233226,0.1213
2594,2886.6625838,0.1287
2595,2887.601845,0.1292
2596,2888.5411064,0.1282
2597,2889.4803678,0.1223
2598,2890.4196292,0.1153
2599,2891.3588906,0.1099
2600,2892.298152,0.1049
2601,2893.2374132,0.0992
2602,2894.1766744,0.0932
2603,2895.1159356,0.084
2604,2896.0551968,0.074
2605,2896.994458,0.0641
2606,2897.9337192000003,0.0541
2607,2898.8729804,0.052
2608,2899.8122416,0.052
2609,2900.7515028,0.1028
2610,2901.690764,0.1675
2611,2902.6300252,0.182
2612,2903.5692864000002,0.182
2613,2904.5085476,0.1773
2614,2905.4478088,0.1713
2615,2906.38707,0.1555
2616,2907.3263312000004,0.1371
2617,2908.2655924,0.1256
2618,2909.2048536,0.1162
2619,2910.1441148,0.1029
2620,2911.083376,0.0884
2621,2912.0226372,0.0732
2622,2912.9618984,0.0578
2623,2913.9011596,0.0483
2624,2914.8404207999997,0.0409
2625,2915.779682,0.0371
2626,2916.7189432,0.0346
2627,2917.6582044,0.0329
2628,2918.5974656,0.0314
2629,2919.5367268,0.0299
2630,2920.475988,0.0284
2631,2921.4152492000003,0.0265
2632,2922.3545104,0.0245
2633,2923.2937716,0.0236
2634,2924.2330328,0.0231
2635,2925.172294,0.0219
2636,2926.1115552,0.0204
2637,2927.0508164,0.0193
2638,2927.9900776,0.0183
2639,2928.9293387999996,0.0176
2640,2929.8686,0.0171
2641,2930.8078612,0.017
2642,2931.7471224,0.017
2643,2932.6863835999998,0.0174
2644,2933.6256448,0.0179
2645,2934.564906,0.0187
2646,2935.5041672,0.0197
2647,2936.4434284,0.0203
2648,2937.3826896,0.0208
2649,2938.3219507999997,0.021
2650,2939.261212,0.021
2651,2940.2004732,0.0217
2652,2941.1397344,0.0227
2653,2942.0789956,0.023
2654,2943.0182568,0.023
2655,2943.957518,0.024
2656,2944.8967792000003,0.0255
2657,2945.8360404,0.026
2658,2946.7753016,0.026
2659,2947.7145628,0.026
2660,2948.653824,0.026
2661,2949.5930852,0.026
2662,2950.5323464,0.026
2663,2951.4716076,0.0253
2664,2952.4108687999997,0.0243
2665,2953.35013,0.023
2666,2954.2893912,0.0215
2667,2955.2286524,0.021
2668,2956.1679136,0.021
2669,2957.1071748,0.022
2670,2958.046436,0.0235
2671,2958.9856972000002,0.025
2672,2959.9249584,0.0265
2673,2960.8642196,0.027
2674,2961.8034807999998,0.027
2675,2962.742742,0.0251
2676,2963.6820032,0.0221
2677,2964.6212644,0.0207
2678,2965.5605256,0.0202
2679,2966.4997868,0.0194
2680,2967.439048,0.0184
2681,2968.3783094,0.0177
2682,2969.3175708,0.0172
2683,2970.2568322,0.017
2684,2971.1960936,0.017
2685,2972.135355,0.0173
2686,2973.0746162,0.0178
2687,2974.0138774,0.018
2688,2974.9531386,0.018
2689,2975.8923998,0.0186
2690,2976.831661,0.0196
2691,2977.7709222000003,0.0209
2692,2978.7101834,0.0224
2693,2979.6494446,0.0233
2694,2980.5887058,0.0238
2695,2981.527967,0.0261
2696,2982.4672282,0.0296
2697,2983.4064894,0.031
2698,2984.3457506,0.031
2699,2985.2850117999997,0.0319
2700,2986.224273,0.0334
2701,2987.1635342,0.0346
2702,2988.1027954,0.0356
2703,2989.0420566,0.0371
2704,2989.9813178,0.0391
2705,2990.920579,0.0403
2706,2991.8598402000002,0.0408
2707,2992.7991014,0.0418
2708,2993.7383626,0.0433
2709,2994.6776237999998,0.0448
2710,2995.616885,0.0463
2711,2996.5561462,0.0475
2712,2997.4954074,0.0486
2713,2998.4346686,0.049
2714,2999.3739298,0.049
2715,3000.313191,0.049
2716,3001.2524522000003,0.049
2717,3002.1917134,0.0476
2718,3003.1309746,0.0451
2719,3004.0702358,0.0429
2720,3005.009497,0.0409
2721,3005.9487582,0.0373
2722,3006.8880194,0.0324
2723,3007.8272806,0.0295
2724,3008.7665417999997,0.0285
2725,3009.705803,0.0285
2726,3010.6450642,0.0295
2727,3011.5843254,0.0303
2728,3012.5235866,0.0308
2729,3013.4628478,0.0315
2730,3014.402109,0.0325
2731,3015.3413702000003,0.0345
2732,3016.2806314,0.0375
2733,3017.2198926,0.039
2734,3018.1591538,0.039
2735,3019.098415,0.0395
2736,3020.0376762,0.0405
2737,3020.9769374,0.0415
2738,3021.9161986,0.0425
2739,3022.8554598,0.0447
2740,3023.794721,0.0482
2741,3024.7339822000004,0.0537
2742,3025.6732434,0.0611
2743,3026.6125046,0.065
2744,3027.5517658,0.065
2745,3028.491027,0.0657
2746,3029.4302882,0.0672
2747,3030.3695494,0.0689
2748,3031.3088106,0.0709
2749,3032.2480717999997,0.0736
2750,3033.187333,0.0771
2751,3034.1265942,0.0799
2752,3035.0658554,0.0819
2753,3036.0051166,0.0872
2754,3036.9443778,0.0962
2755,3037.883639,0.1019
2756,3038.8229002000003,0.1039
2757,3039.7621614,0.1114
2758,3040.7014226,0.1253
2759,3041.6406838,0.1359
2760,3042.579945,0.1424
2761,3043.5192064,0.1581
2762,3044.4584678,0.1855
2763,3045.3977292,0.2012
2764,3046.3369906000003,0.2017
2765,3047.276252,0.2033
2766,3048.2155132000003,0.2063
2767,3049.1547744,0.2147
2768,3050.0940356,0.2307
2769,3051.0332968,0.2462
2770,3051.972558,0.2612
2771,3052.9118192,0.2799
2772,3053.8510804000002,0.3041
2773,3054.7903416,0.3288
2774,3055.7296028,0.3542
2775,3056.668864,0.3717
2776,3057.6081252000004,0.3782
2777,3058.5473864,0.3857
2778,3059.4866476,0.3946
2779,3060.4259088,0.4094
2780,3061.36517,0.4329
2781,3062.3044312,0.4689
2782,3063.2436924,0.5242
2783,3064.1829536,0.5599
2784,3065.1222147999997,0.5649
2785,3066.061476,0.5749
2786,3067.0007372,0.5928
2787,3067.9399984,0.6064
2788,3068.8792596,0.6129
2789,3069.8185208,0.6253
2790,3070.757782,0.6477
2791,3071.6970432000003,0.6715
2792,3072.6363044,0.6977
2793,3073.5755656,0.7211
2794,3074.5148268,0.7401
2795,3075.454088,0.7542
2796,3076.3933492,0.7602
2797,3077.3326104,0.7669
2798,3078.2718716,0.7749
2799,3079.2111327999996,0.7843
2800,3080.150394,0.7962
2801,3081.0896552,0.8091
2802,3082.0289164,0.8235
2803,3082.9681775999998,0.8368
2804,3083.9074388,0.8477
2805,3084.8467,0.8563
2806,3085.7859612,0.8603
2807,3086.7252224,0.8645
2808,3087.6644836,0.869
2809,3088.6037447999997,0.8752
2810,3089.543006,0.8852
2811,3090.4822672,0.8928
2812,3091.4215284,0.8953
2813,3092.3607896,0.8998
2814,3093.3000508,0.9083
2815,3094.239312,0.9167
2816,3095.1785732000003,0.9252
2817,3096.1178344,0.931
2818,3097.0570956,0.931
2819,3097.9963568,0.9318
2820,3098.935618,0.9343
2821,3099.8748792,0.9365
2822,3100.8141404,0.938
2823,3101.7534016,0.9394
2824,3102.6926627999997,0.9409
2825,3103.631924,0.9424
2826,3104.5711852,0.9439
2827,3105.5104464,0.9453
2828,3106.4497076,0.9463
2829,3107.3889688,0.9473
2830,3108.32823,0.9483
2831,3109.2674912,0.9491
2832,3110.2067524,0.9496
2833,3111.1460136,0.95
2834,3112.0852747999998,0.95
2835,3113.024536,0.9503
2836,3113.9637972,0.9513
2837,3114.9030584,0.9517
2838,3115.8423196,0.9507
2839,3116.7815808,0.9503
2840,3117.720842,0.9513
2841,3118.6601032000003,0.9521
2842,3119.5993644,0.9526
2843,3120.5386256,0.953
2844,3121.4778868,0.953
2845,3122.417148,0.9532
2846,3123.3564094,0.9542
2847,3124.2956708,0.955
2848,3125.2349322,0.955
2849,3126.1741936000003,0.955
2850,3127.113455,0.955
2851,3128.0527162000003,0.955
2852,3128.9919774,0.955
2853,3129.9312386,0.9551
2854,3130.8704998,0.9556
2855,3131.809761,0.956
2856,3132.7490222,0.956
2857,3133.6882834,0.956
2858,3134.6275446,0.956
2859,3135.5668057999997,0.9559
2860,3136.506067,0.9554
2861,3137.4453282,0.955
2862,3138.3845894,0.955
2863,3139.3238506,0.955
2864,3140.2631118,0.955
2865,3141.202373,0.9551
2866,3142.1416342,0.9556
2867,3143.0808954,0.956
2868,3144.0201566,0.956
2869,3144.9594177999998,0.956
2870,3145.898679,0.956
2871,3146.8379402,0.956
2872,3147.7772014,0.956
2873,3148.7164626,0.956
2874,3149.6557238,0.956
2875,3150.594985,0.956
2876,3151.5342462000003,0.956
2877,3152.4735074,0.9559
2878,3153.4127686,0.9554
2879,3154.3520298,0.955
2880,3155.291291,0.955
2881,3156.2305522,0.955
2882,3157.1698134,0.955
2883,3158.1090746,0.955
2884,3159.0483357999997,0.955
2885,3159.987597,0.955
2886,3160.9268582,0.955
2887,3161.8661194,0.955
2888,3162.8053806,0.955
2889,3163.7446418,0.955
2890,3164.683903,0.955
2891,3165.6231642000002,0.955
2892,3166.5624254,0.955
2893,3167.5016866,0.9549
2894,3168.4409478,0.9539
2895,3169.380209,0.9529
2896,3170.3194702,0.9524
2897,3171.2587314,0.9519
2898,3172.1979926,0.9509
2899,3173.1372538,0.9499
2900,3174.076515,0.9494
2901,3175.0157762000003,0.949
2902,3175.9550374,0.949
2903,3176.8942986,0.949
2904,3177.8335598,0.949
2905,3178.772821,0.949
2906,3179.7120822,0.949
2907,3180.6513434,0.9489
2908,3181.5906046,0.9479
2909,3182.5298657999997,0.947
2910,3183.469127,0.947
2911,3184.4083882,0.947
2912,3185.3476494,0.947
2913,3186.2869106,0.9469
2914,3187.2261718,0.9459
2915,3188.165433,0.945
2916,3189.1046942000003,0.945
2917,3190.0439554,0.945
2918,3190.9832166,0.945
2919,3191.9224778,0.9449
2920,3192.861739,0.9439
2921,3193.8010002,0.943
2922,3194.7402614000002,0.943
2923,3195.6795226,0.943
2924,3196.6187838,0.943
2925,3197.558045,0.943
2926,3198.4973064,0.9425
2927,3199.4365678,0.942
2928,3200.3758292,0.942
2929,3201.3150906,0.942
2930,3202.254352,0.942
2931,3203.1936132,0.942
2932,3204.1328744,0.941
2933,3205.0721356,0.94
2934,3206.0113968,0.94
2935,3206.950658,0.9399
2936,3207.8899192000003,0.9384
2937,3208.8291804,0.937
2938,3209.7684416,0.9365
2939,3210.7077028,0.936
2940,3211.646964,0.935
2941,3212.5862252,0.934
2942,3213.5254864,0.9335
2943,3214.4647476,0.933
2944,3215.4040087999997,0.933
2945,3216.34327,0.933
2946,3217.2825312,0.933
2947,3218.2217924,0.933
2948,3219.1610536,0.933
2949,3220.1003148,0.933
2950,3221.039576,0.933
2951,3221.9788372000003,0.933
2952,3222.9180984,0.9335
2953,3223.8573596,0.934
2954,3224.7966208,0.934
2955,3225.735882,0.934
2956,3226.6751432,0.935
2957,3227.6144044000002,0.936
2958,3228.5536656,0.936
2959,3229.4929268,0.936
2960,3230.432188,0.936
2961,3231.3714492000004,0.936
2962,3232.3107104,0.936
2963,3233.2499716,0.936
2964,3234.1892328,0.935
2965,3235.128494,0.934
2966,3236.0677552,0.934
2967,3237.0070164,0.934
2968,3237.9462776,0.934
2969,3238.8855387999997,0.934
2970,3239.8248,0.934
2971,3240.7640612,0.934
2972,3241.7033224,0.934
2973,3242.6425836,0.934
2974,3243.5818448,0.934
2975,3244.521106,0.934
2976,3245.4603672000003,0.934
2977,3246.3996284,0.934
2978,3247.3388896,0.934
2979,3248.2781508,0.934
2980,3249.217412,0.9349
2981,3250.1566732,0.9359
2982,3251.0959344,0.936
2983,3252.0351956,0.936
2984,3252.9744567999996,0.936
2985,3253.913718,0.936
2986,3254.8529792,0.936
2987,3255.7922404,0.936
2988,3256.7315016,0.9365
2989,3257.6707628,0.937
2990,3258.610024,0.937
2991,3259.5492852,0.937
2992,3260.4885464,0.937
2993,3261.4278076,0.937
2994,3262.3670687999997,0.937
2995,3263.30633,0.937
2996,3264.2455912,0.9379
2997,3265.1848524,0.9389
2998,3266.1241136,0.939
2999,3267.0633748,0.939
3000,3268.002636,0.9394
3001,3268.9418972000003,0.9399
3002,3269.8811584,0.9409
3003,3270.8204196,0.9419
3004,3271.7596808,0.9424
3005,3272.698942,0.9429
3006,3273.6382032,0.9439
3007,3274.5774644,0.9449
3008,3275.5167256,0.945
3009,3276.4559867999997,0.945
3010,3277.395248,0.9454
3011,3278.3345093999997,0.9459
3012,3279.2737708,0.946
3013,3280.2130322,0.946
3014,3281.1522936,0.9464
3015,3282.091555,0.9469
3016,3283.0308162,0.9479
3017,3283.9700774,0.9489
3018,3284.9093386,0.949
3019,3285.8485997999996,0.949
3020,3286.787861,0.9494
3021,3287.7271222,0.9499
3022,3288.6663834,0.9508
3023,3289.6056446,0.9518
3024,3290.5449058,0.9524
3025,3291.484167,0.9529
3026,3292.4234282,0.9538
3027,3293.3626894,0.9548
3028,3294.3019506,0.9554
3029,3295.2412117999997,0.9559
3030,3296.180473,0.9568
3031,3297.1197342,0.9578
3032,3298.0589954,0.958
3033,3298.9982566,0.958
3034,3299.9375178,0.9584
3035,3300.876779,0.9589
3036,3301.8160402000003,0.959
3037,3302.7553014,0.959
3038,3303.6945626,0.9602
3039,3304.6338238,0.9617
3040,3305.573085,0.962
3041,3306.5123462,0.962
3042,3307.4516074,0.9624
3043,3308.3908686,0.9629
3044,3309.3301297999997,0.963
3045,3310.269391,0.963
3046,3311.2086522,0.9638
3047,3312.1479134,0.9648
3048,3313.0871746,0.965
3049,3314.0264358,0.965
3050,3314.965697,0.9654
3051,3315.9049582000002,0.9659
3052,3316.8442194,0.966
3053,3317.7834806,0.966
3054,3318.7227417999998,0.966
3055,3319.662003,0.966
3056,3320.6012642,0.966
3057,3321.5405254,0.966
3058,3322.4797866,0.9668
3059,3323.4190478,0.9678
3060,3324.358309,0.968
3061,3325.2975702000003,0.968
3062,3326.2368314,0.9684
3063,3327.1760926,0.9689
3064,3328.1153538,0.969
3065,3329.054615,0.969
3066,3329.9938762,0.969
3067,3330.9331374,0.969
3068,3331.8723986,0.9697
3069,3332.8116597999997,0.9707
3070,3333.750921,0.971
3071,3334.6901822,0.971
3072,3335.6294434,0.971
3073,3336.5687046,0.971
3074,3337.5079658,0.971
3075,3338.447227,0.971
3076,3339.3864882000003,0.971
3077,3340.3257494,0.971
3078,3341.2650106,0.971
3079,3342.2042718,0.971
3080,3343.143533,0.971
3081,3344.0827942,0.971
3082,3345.0220554,0.971
3083,3345.9613166,0.971
3084,3346.9005778,0.971
3085,3347.839839,0.971
3086,3348.7791002000004,0.971
3087,3349.7183614,0.971
3088,3350.6576226,0.971
3089,3351.5968838,0.971
3090,3352.536145,0.971
3091,3353.4754064,0.971
3092,3354.4146678,0.971
3093,3355.3539292,0.971
3094,3356.2931906000003,0.971
3095,3357.232452,0.971
3096,3358.1717132000003,0.971
3097,3359.1109744,0.971
3098,3360.0502356,0.9703
3099,3360.9894968,0.9693
3100,3361.928758,0.969
3101,3362.8680192,0.969
3102,3363.8072804,0.9687
3103,3364.7465416,0.9682
3104,3365.6858027999997,0.968
3105,3366.625064,0.968
3106,3367.5643252,0.9674
3107,3368.5035864,0.9664
3108,3369.4428476,0.966
3109,3370.3821088,0.966
3110,3371.32137,0.966
3111,3372.2606312000003,0.966
3112,3373.1998924,0.966
3113,3374.1391536,0.966
3114,3375.0784148,0.966
3115,3376.017676,0.966
3116,3376.9569372,0.966
3117,3377.8961984000002,0.966
3118,3378.8354596,0.966
3119,3379.7747208,0.966
3120,3380.713982,0.966
3121,3381.6532432000004,0.966
3122,3382.5925044,0.9666
3123,3383.5317656,0.9676
3124,3384.4710268,0.968
3125,3385.410288,0.968
3126,3386.3495492,0.9683
3127,3387.2888104,0.9688
3128,3388.2280716,0.969
3129,3389.1673327999997,0.969
3130,3390.106594,0.9687
3131,3391.0458552,0.9682
3132,3391.9851164,0.9674
3133,3392.9243776,0.9664
3134,3393.8636388,0.966
3135,3394.8029,0.966
3136,3395.7421612000003,0.966
3137,3396.6814224,0.966
3138,3397.6206836,0.966
3139,3398.5599448,0.966
3140,3399.499206,0.9666
3141,3400.4384672,0.9676
3142,3401.3777284,0.968
3143,3402.3169896,0.968
3144,3403.2562507999996,0.9674
3145,3404.195512,0.9664
3146,3405.1347732,0.9657
3147,3406.0740344,0.9652
3148,3407.0132955999998,0.9645
3149,3407.9525568,0.9635
3150,3408.891818,0.9627
3151,3409.8310792,0.9622
3152,3410.7703404,0.962
3153,3411.7096016,0.962
3154,3412.6488627999997,0.962
3155,3413.588124,0.962
3156,3414.5273852,0.9623
3157,3415.4666464,0.9628
3158,3416.4059076,0.9635
3159,3417.3451688,0.9645
3160,3418.28443,0.9653
3161,3419.2236912000003,0.9658
3162,3420.1629524,0.9668
3163,3421.1022136,0.9683
3164,3422.0414748,0.969
3165,3422.980736,0.969
3166,3423.9199972,0.969
3167,3424.8592584,0.969
3168,3425.7985196,0.9695
3169,3426.7377807999997,0.9705
3170,3427.677042,0.971
3171,3428.6163032,0.971
3172,3429.5555644,0.9712
3173,3430.4948256,0.9717
3174,3431.4340868,0.9723
3175,3432.373348,0.9727
3176,3433.3126094,0.973
3177,3434.2518708,0.973
3178,3435.1911322,0.973
3179,3436.1303936,0.973
3180,3437.069655,0.973
3181,3438.0089162,0.973
3182,3438.9481774,0.973
3183,3439.8874385999998,0.973
3184,3440.8266998,0.9735
3185,3441.765961,0.9745
3186,3442.7052222,0.975
3187,3443.6444834,0.975
3188,3444.5837446,0.975
3189,3445.5230057999997,0.975
3190,3446.462267,0.975
3191,3447.4015282,0.975
3192,3448.3407894,0.975
3193,3449.2800506,0.975
3194,3450.2193118,0.9752
3195,3451.158573,0.9757
3196,3452.0978342000003,0.976
3197,3453.0370954,0.976
3198,3453.9763566,0.976
3199,3454.9156178,0.976
3200,3455.854879,0.976
3201,3456.7941402,0.976
3202,3457.7334014,0.976
3203,3458.6726626,0.976
3204,3459.6119237999997,0.976
3205,3460.551185,0.976
3206,3461.4904462,0.976
3207,3462.4297074,0.976
3208,3463.3689686,0.976
3209,3464.3082298,0.976
3210,3465.247491,0.976
3211,3466.1867522000002,0.976
3212,3467.1260134,0.9764
3213,3468.0652746,0.9774
3214,3469.0045357999998,0.978
3215,3469.943797,0.978
3216,3470.8830582,0.978
3217,3471.8223194,0.978
3218,3472.7615806,0.978
3219,3473.7008418,0.978
3220,3474.640103,0.978
3221,3475.5793642000003,0.978
3222,3476.5186254,0.978
3223,3477.4578866,0.978
3224,3478.3971478,0.978
3225,3479.336409,0.978
3226,3480.2756702,0.978
3227,3481.2149314,0.978
3228,3482.1541926,0.978
3229,3483.0934537999997,0.978
3230,3484.032715,0.9782
3231,3484.9719762,0.9787
3232,3485.9112374,0.9788
3233,3486.8504986,0.9783
3234,3487.7897598,0.9782
3235,3488.729021,0.9787
3236,3489.6682822000002,0.979
3237,3490.6075434,0.979
3238,3491.5468046,0.979
3239,3492.4860658,0.979
3240,3493.425327,0.979
3241,3494.3645882,0.979
3242,3495.3038494,0.9793
3243,3496.2431106,0.9803
3244,3497.1823718,0.981
3245,3498.121633,0.981
3246,3499.0608942000003,0.981
3247,3500.0001554,0.981
3248,3500.9394166,0.981
3249,3501.8786778,0.981
3250,3502.817939,0.981
3251,3503.7572002,0.981
3252,3504.6964614,0.9812
3253,3505.6357226,0.9817
3254,3506.5749837999997,0.982
3255,3507.514245,0.982
3256,3508.4535063999997,0.982
3257,3509.3927678,0.982
3258,3510.3320292,0.982
3259,3511.2712906,0.982
3260,3512.210552,0.982
3261,3513.1498132,0.982
3262,3514.0890744,0.9823
3263,3515.0283356,0.9833
3264,3515.9675967999997,0.984
3265,3516.906858,0.984
3266,3517.8461192,0.984
3267,3518.7853804,0.984
3268,3519.7246416,0.984
3269,3520.6639028,0.984
3270,3521.603164,0.984
3271,3522.5424252000003,0.984
3272,3523.4816864,0.984
3273,3524.4209476,0.984
3274,3525.3602088,0.984
3275,3526.29947,0.984
3276,3527.2387312,0.984
3277,3528.1779924,0.984
3278,3529.1172536,0.984
3279,3530.0565148,0.984
3280,3530.995776,0.984
3281,3531.9350372000004,0.984
3282,3532.8742984,0.984
3283,3533.8135596,0.984
3284,3534.7528208,0.984
3285,3535.692082,0.984
3286,3536.6313432,0.984
3287,3537.5706044,0.984
3288,3538.5098656,0.984
3289,3539.4491267999997,0.984
3290,3540.388388,0.984
3291,3541.3276492,0.984
3292,3542.2669104,0.984
3293,3543.2061716,0.984
3294,3544.1454328,0.984
3295,3545.084694,0.984
3296,3546.0239552000003,0.984
3297,3546.9632164,0.984
3298,3547.9024776,0.984
3299,3548.8417388,0.984
3300,3549.781,0.984
3301,3550.7202612,0.984
3302,3551.6595224000002,0.9841
3303,3552.5987836,0.9846
3304,3553.5380448,0.9851
3305,3554.477306,0.9856
3306,3555.4165672000004,0.986
3307,3556.3558284,0.986
3308,3557.2950896,0.9863
3309,3558.2343508,0.9878
3310,3559.173612,0.989
3311,3560.1128732,0.989
3312,3561.0521344,0.9887
3313,3561.9913956,0.9872
3314,3562.9306567999997,0.986
3315,3563.869918,0.986
3316,3564.8091792,0.986
3317,3565.7484404,0.986
3318,3566.6877016,0.9859
3319,3567.6269628,0.9854
3320,3568.566224,0.985
3321,3569.5054852000003,0.985
3322,3570.4447464,0.9851
3323,3571.3840076,0.9856
3324,3572.3232688,0.986
3325,3573.26253,0.986
3326,3574.2017912,0.986
3327,3575.1410524,0.986
3328,3576.0803136,0.9861
3329,3577.0195747999996,0.9871
3330,3577.958836,0.9881
3331,3578.8980972,0.9886
3332,3579.8373584,0.989
3333,3580.7766196,0.989
3334,3581.7158808,0.9888
3335,3582.655142,0.9873
3336,3583.5944032,0.986
3337,3584.5336644,0.986
3338,3585.4729256,0.986
3339,3586.4121867999997,0.986
3340,3587.351448,0.986
3341,3588.2907093999997,0.986
3342,3589.2299708,0.986
3343,3590.1692322,0.986
3344,3591.1084936,0.986
3345,3592.047755,0.986
3346,3592.9870162,0.986
3347,3593.9262774,0.986
3348,3594.8655386,0.986
3349,3595.8047997999997,0.986
3350,3596.744061,0.9861
3351,3597.6833222,0.9871
3352,3598.6225834,0.9881
3353,3599.5618446,0.9896
3354,3600.5011058,0.991
3355,3601.440367,0.991
3356,3602.3796282000003,0.9909
3357,3603.3188894,0.9899
3358,3604.2581506,0.989
3359,3605.1974118,0.989
3360,3606.136673,0.989
3361,3607.0759342,0.989
3362,3608.0151954,0.9891
3363,3608.9544566,0.9901
3364,3609.8937177999996,0.9909
3365,3610.832979,0.9894
3366,3611.7722402,0.988
3367,3612.7115014,0.987
3368,3613.6507626,0.986
3369,3614.5900238,0.986
3370,3615.529285,0.9863
3371,3616.4685462,0.9937
3372,3617.4078074,1.0009
3373,3618.3470686,0.9989
3374,3619.2863297999997,0.9969
3375,3620.225591,0.9939
3376,3621.1648522,0.9909
3377,3622.1041134,0.9884
3378,3623.0433746,0.986
3379,3623.9826358,0.985
3380,3624.921897,0.9839
3381,3625.8611582000003,0.9815
3382,3626.8004194,0.979
3383,3627.7396806,0.979
3384,3628.6789418,0.979
3385,3629.618203,0.9815
3386,3630.5574642,0.984
3387,3631.4967254,0.986
3388,3632.4359866,0.988
3389,3633.3752477999997,0.9895
3390,3634.314509,0.991
3391,3635.2537702,0.9925
3392,3636.1930314,0.994
3393,3637.1322926,0.9955
3394,3638.0715538,0.997
3395,3639.010815,0.993
3396,3639.9500762000002,0.989
3397,3640.8893374,0.987
3398,3641.8285986,0.985
3399,3642.7678597999998,0.983
3400,3643.707121,0.981
3401,3644.6463822,0.98
3402,3645.5856434,0.979
3403,3646.5249046,0.979
3404,3647.4641658,0.979
3405,3648.403427,0.979
3406,3649.3426882000003,0.979
3407,3650.2819494,0.979
3408,3651.2212106,0.979
3409,3652.1604718,0.9799
3410,3653.099733,0.9809
3411,3654.0389942,0.9815
3412,3654.9782554,0.982
3413,3655.9175166,0.9834
3414,3656.8567777999997,0.9849
3415,3657.796039,0.9869
3416,3658.7353002,0.9889
3417,3659.6745614,0.9904
3418,3660.6138226,0.9919
3419,3661.5530838,0.992
3420,3662.492345,0.992
3421,3663.4316064,0.9906
3422,3664.3708678,0.9891
3423,3665.3101292,0.9872
3424,3666.2493906,0.9852
3425,3667.188652,0.9832
3426,3668.1279132,0.9812
3427,3669.0671744,0.9801
3428,3670.0064356,0.9791
3429,3670.9456968,0.9799
3430,3671.884958,0.9809
3431,3672.8242192000002,0.981
3432,3673.7634804,0.981
3433,3674.7027416,0.9823
3434,3675.6420028,0.9839
3435,3676.581264,0.984
3436,3677.5205252,0.984
3437,3678.4597864,0.9827
3438,3679.3990476,0.9812
3439,3680.3383088,0.9797
3440,3681.27757,0.9782
3441,3682.2168312000003,0.9771
3442,3683.1560924,0.9761
3443,3684.0953536,0.9747
3444,3685.0346148,0.9732
3445,3685.973876,0.973
3446,3686.9131372,0.973
3447,3687.8523984,0.973
3448,3688.7916596,0.973
3449,3689.7309207999997,0.9739
3450,3690.670182,0.9749
3451,3691.6094432,0.9754
3452,3692.5487044,0.9759
3453,3693.4879656,0.9769
3454,3694.4272268,0.9779
3455,3695.366488,0.978
3456,3696.3057492000003,0.978
3457,3697.2450104,0.9772
3458,3698.1842716,0.9762
3459,3699.1235328,0.9756
3460,3700.062794,0.9751
3461,3701.0020552,0.975
3462,3701.9413164000002,0.975
3463,3702.8805776,0.975
3464,3703.8198388,0.975
3465,3704.7591,0.9742
3466,3705.6983612000004,0.9732
3467,3706.6376224,0.9726
3468,3707.5768836,0.9721
3469,3708.5161448,0.972
3470,3709.455406,0.972
3471,3710.3946672,0.972
3472,3711.3339284,0.972
3473,3712.2731896,0.9724
3474,3713.2124507999997,0.9729
3475,3714.151712,0.9738
3476,3715.0909732,0.9748
3477,3716.0302344,0.9754
3478,3716.9694956,0.9759
3479,3717.9087568,0.9772
3480,3718.848018,0.9787
3481,3719.7872792000003,0.9798
3482,3720.7265404,0.9808
3483,3721.6658016,0.9802
3484,3722.6050628,0.9792
3485,3723.544324,0.9778
3486,3724.4835852,0.9763
3487,3725.4228464,0.9756
3488,3726.3621076,0.9751
3489,3727.3013687999996,0.975
3490,3728.24063,0.975
3491,3729.1798912,0.9754
3492,3730.1191524,0.9759
3493,3731.0584135999998,0.976
3494,3731.9976748,0.976
3495,3732.936936,0.976
3496,3733.8761972,0.976
3497,3734.8154584,0.9756
3498,3735.7547196,0.9751
3499,3736.6939807999997,0.9735
3500,3737.633242,0.9715
3501,3738.5725032,0.9703
3502,3739.5117644,0.9693
3503,3740.4510256,0.9679
3504,3741.3902868,0.9664
3505,3742.329548,0.9649
3506,3743.2688094,0.9634
3507,3744.2080708,0.9619
3508,3745.1473322,0.9604
3509,3746.0865936,0.9596
3510,3747.025855,0.9591
3511,3747.9651162,0.9586
3512,3748.9043774,0.9581
3513,3749.8436386,0.9573
3514,3750.7828998,0.9563
3515,3751.722161,0.956
3516,3752.6614222000003,0.956
3517,3753.6006834,0.956
3518,3754.5399446,0.956
3519,3755.4792058,0.9567
3520,3756.418467,0.9577
3521,3757.3577282,0.9583
3522,3758.2969894,0.9588
3523,3759.2362506,0.9593
3524,3760.1755117999996,0.9598
3525,3761.114773,0.9607
3526,3762.0540342,0.9617
3527,3762.9932954,0.9623
3528,3763.9325565999998,0.9628
3529,3764.8718178,0.9637
3530,3765.811079,0.9647
3531,3766.7503402,0.965
3532,3767.6896014,0.965
3533,3768.6288626,0.9643
3534,3769.5681237999997,0.9633
3535,3770.507385,0.963
3536,3771.4466462,0.963
3537,3772.3859074,0.9627
3538,3773.3251686,0.9622
3539,3774.2644298,0.962
3540,3775.203691,0.962
3541,3776.1429522000003,0.962
3542,3777.0822134,0.962
3543,3778.0214746,0.962
3544,3778.9607358,0.962
3545,3779.899997,0.9623
3546,3780.8392582,0.9628
3547,3781.7785194,0.9646
3548,3782.7177806,0.9671
3549,3783.6570417999997,0.9683
3550,3784.596303,0.9688
3551,3785.5355642,0.9696
3552,3786.4748254,0.9706
3553,3787.4140866,0.971
3554,3788.3533478,0.971
3555,3789.292609,0.9704
3556,3790.2318702000002,0.9694
3557,3791.1711314,0.969
3558,3792.1103926,0.969
3559,3793.0496537999998,0.9687
3560,3793.988915,0.9682
3561,3794.9281762,0.968
3562,3795.8674374,0.968
3563,3796.8066986,0.9671
3564,3797.7459598,0.9656
3565,3798.685221,0.965
3566,3799.6244822000003,0.965
3567,3800.5637434,0.9644
3568,3801.5030046,0.9634
3569,3802.4422658,0.963
3570,3803.38,0.963
